GemmTunableOp_float_NN,nn_789_64_1_ld_789_1_789
GemmAndBiasTunableOp_Half_TN,tn_3584_789_3584_ld_3584_3584_3584
GemmTunableOp_BFloat16_TN,tn_8_789_3584_ld_3584_3584_8
GemmTunableOp_BFloat16_TN,tn_3584_789_8_ld_8_8_3584
GemmAndBiasTunableOp_Half_TN,tn_512_789_3584_ld_3584_3584_512
GemmTunableOp_BFloat16_TN,tn_512_789_8_ld_8_8_512
GemmStridedBatchedTunableOp_float_TN,tn_789_789_128_B_28_ld_128_3584_789
GemmStridedBatchedTunableOp_float_NN,nn_128_789_789_B_28_ld_128_789_128
GemmTunableOp_Half_TN,tn_3584_789_3584_ld_3584_3584_3584
GemmTunableOp_Half_TN,tn_18944_789_3584_ld_3584_3584_18944
GemmTunableOp_BFloat16_TN,tn_18944_789_8_ld_8_8_18944
GemmTunableOp_Half_TN,tn_3584_789_18944_ld_18944_18944_3584
GemmTunableOp_BFloat16_TN,tn_8_789_18944_ld_18944_18944_8
GemmTunableOp_float_TN,tn_152064_256_3584_ld_3584_3584_152064
GemmTunableOp_float_NN,nn_3584_256_152064_ld_3584_152064_3584
GemmTunableOp_BFloat16_NT,nt_8_3584_789_ld_8_3584_8
GemmTunableOp_BFloat16_NN,nn_8_789_3584_ld_8_3584_8
GemmTunableOp_BFloat16_NT,nt_18944_8_789_ld_18944_8_18944
GemmTunableOp_BFloat16_NN,nn_18944_789_8_ld_18944_8_18944
GemmTunableOp_Half_NN,nn_18944_789_3584_ld_18944_3584_18944
GemmTunableOp_BFloat16_NT,nt_8_18944_789_ld_8_18944_8
GemmTunableOp_BFloat16_NN,nn_8_789_18944_ld_8_18944_8
GemmTunableOp_BFloat16_NT,nt_3584_8_789_ld_3584_8_3584
GemmTunableOp_BFloat16_NN,nn_3584_789_8_ld_3584_8_3584
GemmTunableOp_Half_NN,nn_3584_789_18944_ld_3584_18944_3584
GemmTunableOp_Half_NN,nn_3584_789_3584_ld_3584_3584_3584
GemmStridedBatchedTunableOp_float_NT,nt_128_789_789_B_28_ld_3584_789_128
GemmStridedBatchedTunableOp_float_NT,nt_789_128_789_B_28_ld_789_3584_789
GemmTunableOp_BFloat16_NT,nt_8_512_789_ld_8_512_8
GemmTunableOp_BFloat16_NN,nn_8_789_512_ld_8_512_8
GemmTunableOp_Half_NN,nn_3584_789_512_ld_3584_512_3584
GemmTunableOp_float_NN,nn_910_64_1_ld_910_1_910
GemmAndBiasTunableOp_Half_TN,tn_3584_910_3584_ld_3584_3584_3584
GemmTunableOp_BFloat16_TN,tn_8_910_3584_ld_3584_3584_8
GemmTunableOp_BFloat16_TN,tn_3584_910_8_ld_8_8_3584
GemmAndBiasTunableOp_Half_TN,tn_512_910_3584_ld_3584_3584_512
GemmTunableOp_BFloat16_TN,tn_512_910_8_ld_8_8_512
GemmStridedBatchedTunableOp_float_TN,tn_910_910_128_B_28_ld_128_3584_910
GemmStridedBatchedTunableOp_float_NN,nn_128_910_910_B_28_ld_128_910_128
GemmTunableOp_Half_TN,tn_3584_910_3584_ld_3584_3584_3584
GemmTunableOp_Half_TN,tn_18944_910_3584_ld_3584_3584_18944
GemmTunableOp_BFloat16_TN,tn_18944_910_8_ld_8_8_18944
GemmTunableOp_Half_TN,tn_3584_910_18944_ld_18944_18944_3584
GemmTunableOp_BFloat16_TN,tn_8_910_18944_ld_18944_18944_8
GemmTunableOp_BFloat16_NT,nt_8_3584_910_ld_8_3584_8
GemmTunableOp_BFloat16_NN,nn_8_910_3584_ld_8_3584_8
GemmTunableOp_BFloat16_NT,nt_18944_8_910_ld_18944_8_18944
GemmTunableOp_BFloat16_NN,nn_18944_910_8_ld_18944_8_18944
GemmTunableOp_Half_NN,nn_18944_910_3584_ld_18944_3584_18944
GemmTunableOp_BFloat16_NT,nt_8_18944_910_ld_8_18944_8
GemmTunableOp_BFloat16_NN,nn_8_910_18944_ld_8_18944_8
GemmTunableOp_BFloat16_NT,nt_3584_8_910_ld_3584_8_3584
GemmTunableOp_BFloat16_NN,nn_3584_910_8_ld_3584_8_3584
GemmTunableOp_Half_NN,nn_3584_910_18944_ld_3584_18944_3584
GemmTunableOp_Half_NN,nn_3584_910_3584_ld_3584_3584_3584
GemmStridedBatchedTunableOp_float_NT,nt_128_910_910_B_28_ld_3584_910_128
GemmStridedBatchedTunableOp_float_NT,nt_910_128_910_B_28_ld_910_3584_910
GemmTunableOp_BFloat16_NT,nt_8_512_910_ld_8_512_8
GemmTunableOp_BFloat16_NN,nn_8_910_512_ld_8_512_8
GemmTunableOp_Half_NN,nn_3584_910_512_ld_3584_512_3584
GemmTunableOp_float_NN,nn_925_64_1_ld_925_1_925
GemmAndBiasTunableOp_Half_TN,tn_3584_925_3584_ld_3584_3584_3584
GemmTunableOp_BFloat16_TN,tn_8_925_3584_ld_3584_3584_8
GemmTunableOp_BFloat16_TN,tn_3584_925_8_ld_8_8_3584
GemmAndBiasTunableOp_Half_TN,tn_512_925_3584_ld_3584_3584_512
GemmTunableOp_BFloat16_TN,tn_512_925_8_ld_8_8_512
GemmStridedBatchedTunableOp_float_TN,tn_925_925_128_B_28_ld_128_3584_925
GemmStridedBatchedTunableOp_float_NN,nn_128_925_925_B_28_ld_128_925_128
GemmTunableOp_Half_TN,tn_3584_925_3584_ld_3584_3584_3584
GemmTunableOp_Half_TN,tn_18944_925_3584_ld_3584_3584_18944
GemmTunableOp_BFloat16_TN,tn_18944_925_8_ld_8_8_18944
GemmTunableOp_Half_TN,tn_3584_925_18944_ld_18944_18944_3584
GemmTunableOp_BFloat16_TN,tn_8_925_18944_ld_18944_18944_8
GemmTunableOp_BFloat16_NT,nt_8_3584_925_ld_8_3584_8
GemmTunableOp_BFloat16_NN,nn_8_925_3584_ld_8_3584_8
GemmTunableOp_BFloat16_NT,nt_18944_8_925_ld_18944_8_18944
GemmTunableOp_BFloat16_NN,nn_18944_925_8_ld_18944_8_18944
GemmTunableOp_Half_NN,nn_18944_925_3584_ld_18944_3584_18944
GemmTunableOp_BFloat16_NT,nt_8_18944_925_ld_8_18944_8
GemmTunableOp_BFloat16_NN,nn_8_925_18944_ld_8_18944_8
GemmTunableOp_BFloat16_NT,nt_3584_8_925_ld_3584_8_3584
GemmTunableOp_BFloat16_NN,nn_3584_925_8_ld_3584_8_3584
GemmTunableOp_Half_NN,nn_3584_925_18944_ld_3584_18944_3584
GemmTunableOp_Half_NN,nn_3584_925_3584_ld_3584_3584_3584
GemmStridedBatchedTunableOp_float_NT,nt_128_925_925_B_28_ld_3584_925_128
GemmStridedBatchedTunableOp_float_NT,nt_925_128_925_B_28_ld_925_3584_925
GemmTunableOp_BFloat16_NT,nt_8_512_925_ld_8_512_8
GemmTunableOp_BFloat16_NN,nn_8_925_512_ld_8_512_8
GemmTunableOp_Half_NN,nn_3584_925_512_ld_3584_512_3584
GemmTunableOp_float_NN,nn_881_64_1_ld_881_1_881
GemmAndBiasTunableOp_Half_TN,tn_3584_881_3584_ld_3584_3584_3584
GemmTunableOp_BFloat16_TN,tn_8_881_3584_ld_3584_3584_8
GemmTunableOp_BFloat16_TN,tn_3584_881_8_ld_8_8_3584
GemmAndBiasTunableOp_Half_TN,tn_512_881_3584_ld_3584_3584_512
GemmTunableOp_BFloat16_TN,tn_512_881_8_ld_8_8_512
GemmStridedBatchedTunableOp_float_TN,tn_881_881_128_B_28_ld_128_3584_881
GemmStridedBatchedTunableOp_float_NN,nn_128_881_881_B_28_ld_128_881_128
GemmTunableOp_Half_TN,tn_3584_881_3584_ld_3584_3584_3584
GemmTunableOp_Half_TN,tn_18944_881_3584_ld_3584_3584_18944
GemmTunableOp_BFloat16_TN,tn_18944_881_8_ld_8_8_18944
GemmTunableOp_Half_TN,tn_3584_881_18944_ld_18944_18944_3584
GemmTunableOp_BFloat16_TN,tn_8_881_18944_ld_18944_18944_8
GemmTunableOp_BFloat16_NT,nt_8_3584_881_ld_8_3584_8
GemmTunableOp_BFloat16_NN,nn_8_881_3584_ld_8_3584_8
GemmTunableOp_BFloat16_NT,nt_18944_8_881_ld_18944_8_18944
GemmTunableOp_BFloat16_NN,nn_18944_881_8_ld_18944_8_18944
GemmTunableOp_Half_NN,nn_18944_881_3584_ld_18944_3584_18944
GemmTunableOp_BFloat16_NT,nt_8_18944_881_ld_8_18944_8
GemmTunableOp_BFloat16_NN,nn_8_881_18944_ld_8_18944_8
GemmTunableOp_BFloat16_NT,nt_3584_8_881_ld_3584_8_3584
GemmTunableOp_BFloat16_NN,nn_3584_881_8_ld_3584_8_3584
GemmTunableOp_Half_NN,nn_3584_881_18944_ld_3584_18944_3584
GemmTunableOp_Half_NN,nn_3584_881_3584_ld_3584_3584_3584
GemmStridedBatchedTunableOp_float_NT,nt_128_881_881_B_28_ld_3584_881_128
GemmStridedBatchedTunableOp_float_NT,nt_881_128_881_B_28_ld_881_3584_881
GemmTunableOp_BFloat16_NT,nt_8_512_881_ld_8_512_8
GemmTunableOp_BFloat16_NN,nn_8_881_512_ld_8_512_8
GemmTunableOp_Half_NN,nn_3584_881_512_ld_3584_512_3584
GemmTunableOp_float_NN,nn_981_64_1_ld_981_1_981
GemmAndBiasTunableOp_Half_TN,tn_3584_981_3584_ld_3584_3584_3584
GemmTunableOp_BFloat16_TN,tn_8_981_3584_ld_3584_3584_8
GemmTunableOp_BFloat16_TN,tn_3584_981_8_ld_8_8_3584
GemmAndBiasTunableOp_Half_TN,tn_512_981_3584_ld_3584_3584_512
GemmTunableOp_BFloat16_TN,tn_512_981_8_ld_8_8_512
GemmStridedBatchedTunableOp_float_TN,tn_981_981_128_B_28_ld_128_3584_981
GemmStridedBatchedTunableOp_float_NN,nn_128_981_981_B_28_ld_128_981_128
GemmTunableOp_Half_TN,tn_3584_981_3584_ld_3584_3584_3584
GemmTunableOp_Half_TN,tn_18944_981_3584_ld_3584_3584_18944
GemmTunableOp_BFloat16_TN,tn_18944_981_8_ld_8_8_18944
GemmTunableOp_Half_TN,tn_3584_981_18944_ld_18944_18944_3584
GemmTunableOp_BFloat16_TN,tn_8_981_18944_ld_18944_18944_8
GemmTunableOp_BFloat16_NT,nt_8_3584_981_ld_8_3584_8
GemmTunableOp_BFloat16_NN,nn_8_981_3584_ld_8_3584_8
GemmTunableOp_BFloat16_NT,nt_18944_8_981_ld_18944_8_18944
GemmTunableOp_BFloat16_NN,nn_18944_981_8_ld_18944_8_18944
GemmTunableOp_Half_NN,nn_18944_981_3584_ld_18944_3584_18944
GemmTunableOp_BFloat16_NT,nt_8_18944_981_ld_8_18944_8
GemmTunableOp_BFloat16_NN,nn_8_981_18944_ld_8_18944_8
GemmTunableOp_BFloat16_NT,nt_3584_8_981_ld_3584_8_3584
GemmTunableOp_BFloat16_NN,nn_3584_981_8_ld_3584_8_3584
GemmTunableOp_Half_NN,nn_3584_981_18944_ld_3584_18944_3584
GemmTunableOp_Half_NN,nn_3584_981_3584_ld_3584_3584_3584
GemmStridedBatchedTunableOp_float_NT,nt_128_981_981_B_28_ld_3584_981_128
GemmStridedBatchedTunableOp_float_NT,nt_981_128_981_B_28_ld_981_3584_981
GemmTunableOp_BFloat16_NT,nt_8_512_981_ld_8_512_8
GemmTunableOp_BFloat16_NN,nn_8_981_512_ld_8_512_8
GemmTunableOp_Half_NN,nn_3584_981_512_ld_3584_512_3584
GemmTunableOp_float_NN,nn_941_64_1_ld_941_1_941
GemmAndBiasTunableOp_Half_TN,tn_3584_941_3584_ld_3584_3584_3584
GemmTunableOp_BFloat16_TN,tn_8_941_3584_ld_3584_3584_8
GemmTunableOp_BFloat16_TN,tn_3584_941_8_ld_8_8_3584
GemmAndBiasTunableOp_Half_TN,tn_512_941_3584_ld_3584_3584_512
GemmTunableOp_BFloat16_TN,tn_512_941_8_ld_8_8_512
GemmStridedBatchedTunableOp_float_TN,tn_941_941_128_B_28_ld_128_3584_941
GemmStridedBatchedTunableOp_float_NN,nn_128_941_941_B_28_ld_128_941_128
GemmTunableOp_Half_TN,tn_3584_941_3584_ld_3584_3584_3584
GemmTunableOp_Half_TN,tn_18944_941_3584_ld_3584_3584_18944
GemmTunableOp_BFloat16_TN,tn_18944_941_8_ld_8_8_18944
GemmTunableOp_Half_TN,tn_3584_941_18944_ld_18944_18944_3584
GemmTunableOp_BFloat16_TN,tn_8_941_18944_ld_18944_18944_8
GemmTunableOp_BFloat16_NT,nt_8_3584_941_ld_8_3584_8
GemmTunableOp_BFloat16_NN,nn_8_941_3584_ld_8_3584_8
GemmTunableOp_BFloat16_NT,nt_18944_8_941_ld_18944_8_18944
GemmTunableOp_BFloat16_NN,nn_18944_941_8_ld_18944_8_18944
GemmTunableOp_Half_NN,nn_18944_941_3584_ld_18944_3584_18944
GemmTunableOp_BFloat16_NT,nt_8_18944_941_ld_8_18944_8
GemmTunableOp_BFloat16_NN,nn_8_941_18944_ld_8_18944_8
GemmTunableOp_BFloat16_NT,nt_3584_8_941_ld_3584_8_3584
GemmTunableOp_BFloat16_NN,nn_3584_941_8_ld_3584_8_3584
GemmTunableOp_Half_NN,nn_3584_941_18944_ld_3584_18944_3584
GemmTunableOp_Half_NN,nn_3584_941_3584_ld_3584_3584_3584
GemmStridedBatchedTunableOp_float_NT,nt_128_941_941_B_28_ld_3584_941_128
GemmStridedBatchedTunableOp_float_NT,nt_941_128_941_B_28_ld_941_3584_941
GemmTunableOp_BFloat16_NT,nt_8_512_941_ld_8_512_8
GemmTunableOp_BFloat16_NN,nn_8_941_512_ld_8_512_8
GemmTunableOp_Half_NN,nn_3584_941_512_ld_3584_512_3584
GemmTunableOp_float_NN,nn_894_64_1_ld_894_1_894
GemmAndBiasTunableOp_Half_TN,tn_3584_894_3584_ld_3584_3584_3584
GemmTunableOp_BFloat16_TN,tn_8_894_3584_ld_3584_3584_8
GemmTunableOp_BFloat16_TN,tn_3584_894_8_ld_8_8_3584
GemmAndBiasTunableOp_Half_TN,tn_512_894_3584_ld_3584_3584_512
GemmTunableOp_BFloat16_TN,tn_512_894_8_ld_8_8_512
GemmStridedBatchedTunableOp_float_TN,tn_894_894_128_B_28_ld_128_3584_894
GemmStridedBatchedTunableOp_float_NN,nn_128_894_894_B_28_ld_128_894_128
GemmTunableOp_Half_TN,tn_3584_894_3584_ld_3584_3584_3584
GemmTunableOp_Half_TN,tn_18944_894_3584_ld_3584_3584_18944
GemmTunableOp_BFloat16_TN,tn_18944_894_8_ld_8_8_18944
GemmTunableOp_Half_TN,tn_3584_894_18944_ld_18944_18944_3584
GemmTunableOp_BFloat16_TN,tn_8_894_18944_ld_18944_18944_8
GemmTunableOp_BFloat16_NT,nt_8_3584_894_ld_8_3584_8
GemmTunableOp_BFloat16_NN,nn_8_894_3584_ld_8_3584_8
GemmTunableOp_BFloat16_NT,nt_18944_8_894_ld_18944_8_18944
GemmTunableOp_BFloat16_NN,nn_18944_894_8_ld_18944_8_18944
GemmTunableOp_Half_NN,nn_18944_894_3584_ld_18944_3584_18944
GemmTunableOp_BFloat16_NT,nt_8_18944_894_ld_8_18944_8
GemmTunableOp_BFloat16_NN,nn_8_894_18944_ld_8_18944_8
GemmTunableOp_BFloat16_NT,nt_3584_8_894_ld_3584_8_3584
GemmTunableOp_BFloat16_NN,nn_3584_894_8_ld_3584_8_3584
GemmTunableOp_Half_NN,nn_3584_894_18944_ld_3584_18944_3584
GemmTunableOp_Half_NN,nn_3584_894_3584_ld_3584_3584_3584
GemmStridedBatchedTunableOp_float_NT,nt_128_894_894_B_28_ld_3584_894_128
GemmStridedBatchedTunableOp_float_NT,nt_894_128_894_B_28_ld_894_3584_894
GemmTunableOp_BFloat16_NT,nt_8_512_894_ld_8_512_8
GemmTunableOp_BFloat16_NN,nn_8_894_512_ld_8_512_8
GemmTunableOp_Half_NN,nn_3584_894_512_ld_3584_512_3584
GemmTunableOp_float_NN,nn_1046_64_1_ld_1046_1_1046
GemmAndBiasTunableOp_Half_TN,tn_3584_1046_3584_ld_3584_3584_3584
GemmTunableOp_BFloat16_TN,tn_8_1046_3584_ld_3584_3584_8
GemmTunableOp_BFloat16_TN,tn_3584_1046_8_ld_8_8_3584
GemmAndBiasTunableOp_Half_TN,tn_512_1046_3584_ld_3584_3584_512
GemmTunableOp_BFloat16_TN,tn_512_1046_8_ld_8_8_512
GemmStridedBatchedTunableOp_float_TN,tn_1046_1046_128_B_28_ld_128_3584_1046
GemmStridedBatchedTunableOp_float_NN,nn_128_1046_1046_B_28_ld_128_1046_128
GemmTunableOp_Half_TN,tn_3584_1046_3584_ld_3584_3584_3584
GemmTunableOp_Half_TN,tn_18944_1046_3584_ld_3584_3584_18944
GemmTunableOp_BFloat16_TN,tn_18944_1046_8_ld_8_8_18944
GemmTunableOp_Half_TN,tn_3584_1046_18944_ld_18944_18944_3584
GemmTunableOp_BFloat16_TN,tn_8_1046_18944_ld_18944_18944_8
GemmTunableOp_BFloat16_NT,nt_8_3584_1046_ld_8_3584_8
GemmTunableOp_BFloat16_NN,nn_8_1046_3584_ld_8_3584_8
GemmTunableOp_BFloat16_NT,nt_18944_8_1046_ld_18944_8_18944
GemmTunableOp_BFloat16_NN,nn_18944_1046_8_ld_18944_8_18944
GemmTunableOp_Half_NN,nn_18944_1046_3584_ld_18944_3584_18944
GemmTunableOp_BFloat16_NT,nt_8_18944_1046_ld_8_18944_8
GemmTunableOp_BFloat16_NN,nn_8_1046_18944_ld_8_18944_8
GemmTunableOp_BFloat16_NT,nt_3584_8_1046_ld_3584_8_3584
GemmTunableOp_BFloat16_NN,nn_3584_1046_8_ld_3584_8_3584
GemmTunableOp_Half_NN,nn_3584_1046_18944_ld_3584_18944_3584
GemmTunableOp_Half_NN,nn_3584_1046_3584_ld_3584_3584_3584
GemmStridedBatchedTunableOp_float_NT,nt_128_1046_1046_B_28_ld_3584_1046_128
GemmStridedBatchedTunableOp_float_NT,nt_1046_128_1046_B_28_ld_1046_3584_1046
GemmTunableOp_BFloat16_NT,nt_8_512_1046_ld_8_512_8
GemmTunableOp_BFloat16_NN,nn_8_1046_512_ld_8_512_8
GemmTunableOp_Half_NN,nn_3584_1046_512_ld_3584_512_3584
GemmTunableOp_float_NN,nn_792_64_1_ld_792_1_792
GemmAndBiasTunableOp_Half_TN,tn_3584_792_3584_ld_3584_3584_3584
GemmTunableOp_BFloat16_TN,tn_8_792_3584_ld_3584_3584_8
GemmTunableOp_BFloat16_TN,tn_3584_792_8_ld_8_8_3584
GemmAndBiasTunableOp_Half_TN,tn_512_792_3584_ld_3584_3584_512
GemmTunableOp_BFloat16_TN,tn_512_792_8_ld_8_8_512
GemmStridedBatchedTunableOp_float_TN,tn_792_792_128_B_28_ld_128_3584_792
GemmStridedBatchedTunableOp_float_NN,nn_128_792_792_B_28_ld_128_792_128
GemmTunableOp_Half_TN,tn_3584_792_3584_ld_3584_3584_3584
GemmTunableOp_Half_TN,tn_18944_792_3584_ld_3584_3584_18944
GemmTunableOp_BFloat16_TN,tn_18944_792_8_ld_8_8_18944
GemmTunableOp_Half_TN,tn_3584_792_18944_ld_18944_18944_3584
GemmTunableOp_BFloat16_TN,tn_8_792_18944_ld_18944_18944_8
GemmTunableOp_BFloat16_NT,nt_8_3584_792_ld_8_3584_8
GemmTunableOp_BFloat16_NN,nn_8_792_3584_ld_8_3584_8
GemmTunableOp_BFloat16_NT,nt_18944_8_792_ld_18944_8_18944
GemmTunableOp_BFloat16_NN,nn_18944_792_8_ld_18944_8_18944
GemmTunableOp_Half_NN,nn_18944_792_3584_ld_18944_3584_18944
GemmTunableOp_BFloat16_NT,nt_8_18944_792_ld_8_18944_8
GemmTunableOp_BFloat16_NN,nn_8_792_18944_ld_8_18944_8
GemmTunableOp_BFloat16_NT,nt_3584_8_792_ld_3584_8_3584
GemmTunableOp_BFloat16_NN,nn_3584_792_8_ld_3584_8_3584
GemmTunableOp_Half_NN,nn_3584_792_18944_ld_3584_18944_3584
GemmTunableOp_Half_NN,nn_3584_792_3584_ld_3584_3584_3584
GemmStridedBatchedTunableOp_float_NT,nt_128_792_792_B_28_ld_3584_792_128
GemmStridedBatchedTunableOp_float_NT,nt_792_128_792_B_28_ld_792_3584_792
GemmTunableOp_BFloat16_NT,nt_8_512_792_ld_8_512_8
GemmTunableOp_BFloat16_NN,nn_8_792_512_ld_8_512_8
GemmTunableOp_Half_NN,nn_3584_792_512_ld_3584_512_3584
GemmTunableOp_float_NN,nn_905_64_1_ld_905_1_905
GemmAndBiasTunableOp_Half_TN,tn_3584_905_3584_ld_3584_3584_3584
GemmTunableOp_BFloat16_TN,tn_8_905_3584_ld_3584_3584_8
GemmTunableOp_BFloat16_TN,tn_3584_905_8_ld_8_8_3584
GemmAndBiasTunableOp_Half_TN,tn_512_905_3584_ld_3584_3584_512
GemmTunableOp_BFloat16_TN,tn_512_905_8_ld_8_8_512
GemmStridedBatchedTunableOp_float_TN,tn_905_905_128_B_28_ld_128_3584_905
GemmStridedBatchedTunableOp_float_NN,nn_128_905_905_B_28_ld_128_905_128
GemmTunableOp_Half_TN,tn_3584_905_3584_ld_3584_3584_3584
GemmTunableOp_Half_TN,tn_18944_905_3584_ld_3584_3584_18944
GemmTunableOp_BFloat16_TN,tn_18944_905_8_ld_8_8_18944
GemmTunableOp_Half_TN,tn_3584_905_18944_ld_18944_18944_3584
GemmTunableOp_BFloat16_TN,tn_8_905_18944_ld_18944_18944_8
GemmTunableOp_BFloat16_NT,nt_8_3584_905_ld_8_3584_8
GemmTunableOp_BFloat16_NN,nn_8_905_3584_ld_8_3584_8
GemmTunableOp_BFloat16_NT,nt_18944_8_905_ld_18944_8_18944
GemmTunableOp_BFloat16_NN,nn_18944_905_8_ld_18944_8_18944
GemmTunableOp_Half_NN,nn_18944_905_3584_ld_18944_3584_18944
GemmTunableOp_BFloat16_NT,nt_8_18944_905_ld_8_18944_8
GemmTunableOp_BFloat16_NN,nn_8_905_18944_ld_8_18944_8
GemmTunableOp_BFloat16_NT,nt_3584_8_905_ld_3584_8_3584
GemmTunableOp_BFloat16_NN,nn_3584_905_8_ld_3584_8_3584
GemmTunableOp_Half_NN,nn_3584_905_18944_ld_3584_18944_3584
GemmTunableOp_Half_NN,nn_3584_905_3584_ld_3584_3584_3584
GemmStridedBatchedTunableOp_float_NT,nt_128_905_905_B_28_ld_3584_905_128
GemmStridedBatchedTunableOp_float_NT,nt_905_128_905_B_28_ld_905_3584_905
GemmTunableOp_BFloat16_NT,nt_8_512_905_ld_8_512_8
GemmTunableOp_BFloat16_NN,nn_8_905_512_ld_8_512_8
GemmTunableOp_Half_NN,nn_3584_905_512_ld_3584_512_3584
GemmTunableOp_float_NN,nn_874_64_1_ld_874_1_874
GemmAndBiasTunableOp_Half_TN,tn_3584_874_3584_ld_3584_3584_3584
GemmTunableOp_BFloat16_TN,tn_8_874_3584_ld_3584_3584_8
GemmTunableOp_BFloat16_TN,tn_3584_874_8_ld_8_8_3584
GemmAndBiasTunableOp_Half_TN,tn_512_874_3584_ld_3584_3584_512
GemmTunableOp_BFloat16_TN,tn_512_874_8_ld_8_8_512
GemmStridedBatchedTunableOp_float_TN,tn_874_874_128_B_28_ld_128_3584_874
GemmStridedBatchedTunableOp_float_NN,nn_128_874_874_B_28_ld_128_874_128
GemmTunableOp_Half_TN,tn_3584_874_3584_ld_3584_3584_3584
GemmTunableOp_Half_TN,tn_18944_874_3584_ld_3584_3584_18944
GemmTunableOp_BFloat16_TN,tn_18944_874_8_ld_8_8_18944
GemmTunableOp_Half_TN,tn_3584_874_18944_ld_18944_18944_3584
GemmTunableOp_BFloat16_TN,tn_8_874_18944_ld_18944_18944_8
GemmTunableOp_BFloat16_NT,nt_8_3584_874_ld_8_3584_8
GemmTunableOp_BFloat16_NN,nn_8_874_3584_ld_8_3584_8
GemmTunableOp_BFloat16_NT,nt_18944_8_874_ld_18944_8_18944
GemmTunableOp_BFloat16_NN,nn_18944_874_8_ld_18944_8_18944
GemmTunableOp_Half_NN,nn_18944_874_3584_ld_18944_3584_18944
GemmTunableOp_BFloat16_NT,nt_8_18944_874_ld_8_18944_8
GemmTunableOp_BFloat16_NN,nn_8_874_18944_ld_8_18944_8
GemmTunableOp_BFloat16_NT,nt_3584_8_874_ld_3584_8_3584
GemmTunableOp_BFloat16_NN,nn_3584_874_8_ld_3584_8_3584
GemmTunableOp_Half_NN,nn_3584_874_18944_ld_3584_18944_3584
GemmTunableOp_Half_NN,nn_3584_874_3584_ld_3584_3584_3584
GemmStridedBatchedTunableOp_float_NT,nt_128_874_874_B_28_ld_3584_874_128
GemmStridedBatchedTunableOp_float_NT,nt_874_128_874_B_28_ld_874_3584_874
GemmTunableOp_BFloat16_NT,nt_8_512_874_ld_8_512_8
GemmTunableOp_BFloat16_NN,nn_8_874_512_ld_8_512_8
GemmTunableOp_Half_NN,nn_3584_874_512_ld_3584_512_3584
GemmTunableOp_float_NN,nn_888_64_1_ld_888_1_888
GemmAndBiasTunableOp_Half_TN,tn_3584_888_3584_ld_3584_3584_3584
GemmTunableOp_BFloat16_TN,tn_8_888_3584_ld_3584_3584_8
GemmTunableOp_BFloat16_TN,tn_3584_888_8_ld_8_8_3584
GemmAndBiasTunableOp_Half_TN,tn_512_888_3584_ld_3584_3584_512
GemmTunableOp_BFloat16_TN,tn_512_888_8_ld_8_8_512
GemmStridedBatchedTunableOp_float_TN,tn_888_888_128_B_28_ld_128_3584_888
GemmStridedBatchedTunableOp_float_NN,nn_128_888_888_B_28_ld_128_888_128
GemmTunableOp_Half_TN,tn_3584_888_3584_ld_3584_3584_3584
GemmTunableOp_Half_TN,tn_18944_888_3584_ld_3584_3584_18944
GemmTunableOp_BFloat16_TN,tn_18944_888_8_ld_8_8_18944
GemmTunableOp_Half_TN,tn_3584_888_18944_ld_18944_18944_3584
GemmTunableOp_BFloat16_TN,tn_8_888_18944_ld_18944_18944_8
GemmTunableOp_BFloat16_NT,nt_8_3584_888_ld_8_3584_8
GemmTunableOp_BFloat16_NN,nn_8_888_3584_ld_8_3584_8
GemmTunableOp_BFloat16_NT,nt_18944_8_888_ld_18944_8_18944
GemmTunableOp_BFloat16_NN,nn_18944_888_8_ld_18944_8_18944
GemmTunableOp_Half_NN,nn_18944_888_3584_ld_18944_3584_18944
GemmTunableOp_BFloat16_NT,nt_8_18944_888_ld_8_18944_8
GemmTunableOp_BFloat16_NN,nn_8_888_18944_ld_8_18944_8
GemmTunableOp_BFloat16_NT,nt_3584_8_888_ld_3584_8_3584
GemmTunableOp_BFloat16_NN,nn_3584_888_8_ld_3584_8_3584
GemmTunableOp_Half_NN,nn_3584_888_18944_ld_3584_18944_3584
GemmTunableOp_Half_NN,nn_3584_888_3584_ld_3584_3584_3584
GemmStridedBatchedTunableOp_float_NT,nt_128_888_888_B_28_ld_3584_888_128
GemmStridedBatchedTunableOp_float_NT,nt_888_128_888_B_28_ld_888_3584_888
GemmTunableOp_BFloat16_NT,nt_8_512_888_ld_8_512_8
GemmTunableOp_BFloat16_NN,nn_8_888_512_ld_8_512_8
GemmTunableOp_Half_NN,nn_3584_888_512_ld_3584_512_3584
GemmTunableOp_float_NN,nn_1008_64_1_ld_1008_1_1008
GemmAndBiasTunableOp_Half_TN,tn_3584_1008_3584_ld_3584_3584_3584
GemmTunableOp_BFloat16_TN,tn_8_1008_3584_ld_3584_3584_8
GemmTunableOp_BFloat16_TN,tn_3584_1008_8_ld_8_8_3584
GemmAndBiasTunableOp_Half_TN,tn_512_1008_3584_ld_3584_3584_512
GemmTunableOp_BFloat16_TN,tn_512_1008_8_ld_8_8_512
GemmStridedBatchedTunableOp_float_TN,tn_1008_1008_128_B_28_ld_128_3584_1008
GemmStridedBatchedTunableOp_float_NN,nn_128_1008_1008_B_28_ld_128_1008_128
GemmTunableOp_Half_TN,tn_3584_1008_3584_ld_3584_3584_3584
GemmTunableOp_Half_TN,tn_18944_1008_3584_ld_3584_3584_18944
GemmTunableOp_BFloat16_TN,tn_18944_1008_8_ld_8_8_18944
GemmTunableOp_Half_TN,tn_3584_1008_18944_ld_18944_18944_3584
GemmTunableOp_BFloat16_TN,tn_8_1008_18944_ld_18944_18944_8
GemmTunableOp_BFloat16_NT,nt_8_3584_1008_ld_8_3584_8
GemmTunableOp_BFloat16_NN,nn_8_1008_3584_ld_8_3584_8
GemmTunableOp_BFloat16_NT,nt_18944_8_1008_ld_18944_8_18944
GemmTunableOp_BFloat16_NN,nn_18944_1008_8_ld_18944_8_18944
GemmTunableOp_Half_NN,nn_18944_1008_3584_ld_18944_3584_18944
GemmTunableOp_BFloat16_NT,nt_8_18944_1008_ld_8_18944_8
GemmTunableOp_BFloat16_NN,nn_8_1008_18944_ld_8_18944_8
GemmTunableOp_BFloat16_NT,nt_3584_8_1008_ld_3584_8_3584
GemmTunableOp_BFloat16_NN,nn_3584_1008_8_ld_3584_8_3584
GemmTunableOp_Half_NN,nn_3584_1008_18944_ld_3584_18944_3584
GemmTunableOp_Half_NN,nn_3584_1008_3584_ld_3584_3584_3584
GemmStridedBatchedTunableOp_float_NT,nt_128_1008_1008_B_28_ld_3584_1008_128
GemmStridedBatchedTunableOp_float_NT,nt_1008_128_1008_B_28_ld_1008_3584_1008
GemmTunableOp_BFloat16_NT,nt_8_512_1008_ld_8_512_8
GemmTunableOp_BFloat16_NN,nn_8_1008_512_ld_8_512_8
GemmTunableOp_Half_NN,nn_3584_1008_512_ld_3584_512_3584
GemmTunableOp_float_NN,nn_825_64_1_ld_825_1_825
GemmAndBiasTunableOp_Half_TN,tn_3584_825_3584_ld_3584_3584_3584
GemmTunableOp_BFloat16_TN,tn_8_825_3584_ld_3584_3584_8
GemmTunableOp_BFloat16_TN,tn_3584_825_8_ld_8_8_3584
GemmAndBiasTunableOp_Half_TN,tn_512_825_3584_ld_3584_3584_512
GemmTunableOp_BFloat16_TN,tn_512_825_8_ld_8_8_512
GemmStridedBatchedTunableOp_float_TN,tn_825_825_128_B_28_ld_128_3584_825
GemmStridedBatchedTunableOp_float_NN,nn_128_825_825_B_28_ld_128_825_128
GemmTunableOp_Half_TN,tn_3584_825_3584_ld_3584_3584_3584
GemmTunableOp_Half_TN,tn_18944_825_3584_ld_3584_3584_18944
GemmTunableOp_BFloat16_TN,tn_18944_825_8_ld_8_8_18944
GemmTunableOp_Half_TN,tn_3584_825_18944_ld_18944_18944_3584
GemmTunableOp_BFloat16_TN,tn_8_825_18944_ld_18944_18944_8
GemmTunableOp_BFloat16_NT,nt_8_3584_825_ld_8_3584_8
GemmTunableOp_BFloat16_NN,nn_8_825_3584_ld_8_3584_8
GemmTunableOp_BFloat16_NT,nt_18944_8_825_ld_18944_8_18944
GemmTunableOp_BFloat16_NN,nn_18944_825_8_ld_18944_8_18944
GemmTunableOp_Half_NN,nn_18944_825_3584_ld_18944_3584_18944
GemmTunableOp_BFloat16_NT,nt_8_18944_825_ld_8_18944_8
GemmTunableOp_BFloat16_NN,nn_8_825_18944_ld_8_18944_8
GemmTunableOp_BFloat16_NT,nt_3584_8_825_ld_3584_8_3584
GemmTunableOp_BFloat16_NN,nn_3584_825_8_ld_3584_8_3584
GemmTunableOp_Half_NN,nn_3584_825_18944_ld_3584_18944_3584
GemmTunableOp_Half_NN,nn_3584_825_3584_ld_3584_3584_3584
GemmStridedBatchedTunableOp_float_NT,nt_128_825_825_B_28_ld_3584_825_128
GemmStridedBatchedTunableOp_float_NT,nt_825_128_825_B_28_ld_825_3584_825
GemmTunableOp_BFloat16_NT,nt_8_512_825_ld_8_512_8
GemmTunableOp_BFloat16_NN,nn_8_825_512_ld_8_512_8
GemmTunableOp_Half_NN,nn_3584_825_512_ld_3584_512_3584
GemmTunableOp_float_NN,nn_899_64_1_ld_899_1_899
GemmAndBiasTunableOp_Half_TN,tn_3584_899_3584_ld_3584_3584_3584
GemmTunableOp_BFloat16_TN,tn_8_899_3584_ld_3584_3584_8
GemmTunableOp_BFloat16_TN,tn_3584_899_8_ld_8_8_3584
GemmAndBiasTunableOp_Half_TN,tn_512_899_3584_ld_3584_3584_512
GemmTunableOp_BFloat16_TN,tn_512_899_8_ld_8_8_512
GemmStridedBatchedTunableOp_float_TN,tn_899_899_128_B_28_ld_128_3584_899
GemmStridedBatchedTunableOp_float_NN,nn_128_899_899_B_28_ld_128_899_128
GemmTunableOp_Half_TN,tn_3584_899_3584_ld_3584_3584_3584
GemmTunableOp_Half_TN,tn_18944_899_3584_ld_3584_3584_18944
GemmTunableOp_BFloat16_TN,tn_18944_899_8_ld_8_8_18944
GemmTunableOp_Half_TN,tn_3584_899_18944_ld_18944_18944_3584
GemmTunableOp_BFloat16_TN,tn_8_899_18944_ld_18944_18944_8
GemmTunableOp_BFloat16_NT,nt_8_3584_899_ld_8_3584_8
GemmTunableOp_BFloat16_NN,nn_8_899_3584_ld_8_3584_8
GemmTunableOp_BFloat16_NT,nt_18944_8_899_ld_18944_8_18944
GemmTunableOp_BFloat16_NN,nn_18944_899_8_ld_18944_8_18944
GemmTunableOp_Half_NN,nn_18944_899_3584_ld_18944_3584_18944
GemmTunableOp_BFloat16_NT,nt_8_18944_899_ld_8_18944_8
GemmTunableOp_BFloat16_NN,nn_8_899_18944_ld_8_18944_8
GemmTunableOp_BFloat16_NT,nt_3584_8_899_ld_3584_8_3584
GemmTunableOp_BFloat16_NN,nn_3584_899_8_ld_3584_8_3584
GemmTunableOp_Half_NN,nn_3584_899_18944_ld_3584_18944_3584
GemmTunableOp_Half_NN,nn_3584_899_3584_ld_3584_3584_3584
GemmStridedBatchedTunableOp_float_NT,nt_128_899_899_B_28_ld_3584_899_128
GemmStridedBatchedTunableOp_float_NT,nt_899_128_899_B_28_ld_899_3584_899
GemmTunableOp_BFloat16_NT,nt_8_512_899_ld_8_512_8
GemmTunableOp_BFloat16_NN,nn_8_899_512_ld_8_512_8
GemmTunableOp_Half_NN,nn_3584_899_512_ld_3584_512_3584
GemmTunableOp_float_NN,nn_927_64_1_ld_927_1_927
GemmAndBiasTunableOp_Half_TN,tn_3584_927_3584_ld_3584_3584_3584
GemmTunableOp_BFloat16_TN,tn_8_927_3584_ld_3584_3584_8
GemmTunableOp_BFloat16_TN,tn_3584_927_8_ld_8_8_3584
GemmAndBiasTunableOp_Half_TN,tn_512_927_3584_ld_3584_3584_512
GemmTunableOp_BFloat16_TN,tn_512_927_8_ld_8_8_512
GemmStridedBatchedTunableOp_float_TN,tn_927_927_128_B_28_ld_128_3584_927
GemmStridedBatchedTunableOp_float_NN,nn_128_927_927_B_28_ld_128_927_128
GemmTunableOp_Half_TN,tn_3584_927_3584_ld_3584_3584_3584
GemmTunableOp_Half_TN,tn_18944_927_3584_ld_3584_3584_18944
GemmTunableOp_BFloat16_TN,tn_18944_927_8_ld_8_8_18944
GemmTunableOp_Half_TN,tn_3584_927_18944_ld_18944_18944_3584
GemmTunableOp_BFloat16_TN,tn_8_927_18944_ld_18944_18944_8
GemmTunableOp_BFloat16_NT,nt_8_3584_927_ld_8_3584_8
GemmTunableOp_BFloat16_NN,nn_8_927_3584_ld_8_3584_8
GemmTunableOp_BFloat16_NT,nt_18944_8_927_ld_18944_8_18944
GemmTunableOp_BFloat16_NN,nn_18944_927_8_ld_18944_8_18944
GemmTunableOp_Half_NN,nn_18944_927_3584_ld_18944_3584_18944
GemmTunableOp_BFloat16_NT,nt_8_18944_927_ld_8_18944_8
GemmTunableOp_BFloat16_NN,nn_8_927_18944_ld_8_18944_8
GemmTunableOp_BFloat16_NT,nt_3584_8_927_ld_3584_8_3584
GemmTunableOp_BFloat16_NN,nn_3584_927_8_ld_3584_8_3584
GemmTunableOp_Half_NN,nn_3584_927_18944_ld_3584_18944_3584
GemmTunableOp_Half_NN,nn_3584_927_3584_ld_3584_3584_3584
GemmStridedBatchedTunableOp_float_NT,nt_128_927_927_B_28_ld_3584_927_128
GemmStridedBatchedTunableOp_float_NT,nt_927_128_927_B_28_ld_927_3584_927
GemmTunableOp_BFloat16_NT,nt_8_512_927_ld_8_512_8
GemmTunableOp_BFloat16_NN,nn_8_927_512_ld_8_512_8
GemmTunableOp_Half_NN,nn_3584_927_512_ld_3584_512_3584
GemmTunableOp_float_NN,nn_1157_64_1_ld_1157_1_1157
GemmAndBiasTunableOp_Half_TN,tn_3584_1157_3584_ld_3584_3584_3584
GemmTunableOp_BFloat16_TN,tn_8_1157_3584_ld_3584_3584_8
GemmTunableOp_BFloat16_TN,tn_3584_1157_8_ld_8_8_3584
GemmAndBiasTunableOp_Half_TN,tn_512_1157_3584_ld_3584_3584_512
GemmTunableOp_BFloat16_TN,tn_512_1157_8_ld_8_8_512
GemmStridedBatchedTunableOp_float_TN,tn_1157_1157_128_B_28_ld_128_3584_1157
GemmStridedBatchedTunableOp_float_NN,nn_128_1157_1157_B_28_ld_128_1157_128
GemmTunableOp_Half_TN,tn_3584_1157_3584_ld_3584_3584_3584
GemmTunableOp_Half_TN,tn_18944_1157_3584_ld_3584_3584_18944
GemmTunableOp_BFloat16_TN,tn_18944_1157_8_ld_8_8_18944
GemmTunableOp_Half_TN,tn_3584_1157_18944_ld_18944_18944_3584
GemmTunableOp_BFloat16_TN,tn_8_1157_18944_ld_18944_18944_8
GemmTunableOp_BFloat16_NT,nt_8_3584_1157_ld_8_3584_8
GemmTunableOp_BFloat16_NN,nn_8_1157_3584_ld_8_3584_8
GemmTunableOp_BFloat16_NT,nt_18944_8_1157_ld_18944_8_18944
GemmTunableOp_BFloat16_NN,nn_18944_1157_8_ld_18944_8_18944
GemmTunableOp_Half_NN,nn_18944_1157_3584_ld_18944_3584_18944
GemmTunableOp_BFloat16_NT,nt_8_18944_1157_ld_8_18944_8
GemmTunableOp_BFloat16_NN,nn_8_1157_18944_ld_8_18944_8
GemmTunableOp_BFloat16_NT,nt_3584_8_1157_ld_3584_8_3584
GemmTunableOp_BFloat16_NN,nn_3584_1157_8_ld_3584_8_3584
GemmTunableOp_Half_NN,nn_3584_1157_18944_ld_3584_18944_3584
GemmTunableOp_Half_NN,nn_3584_1157_3584_ld_3584_3584_3584
GemmStridedBatchedTunableOp_float_NT,nt_128_1157_1157_B_28_ld_3584_1157_128
GemmStridedBatchedTunableOp_float_NT,nt_1157_128_1157_B_28_ld_1157_3584_1157
GemmTunableOp_BFloat16_NT,nt_8_512_1157_ld_8_512_8
GemmTunableOp_BFloat16_NN,nn_8_1157_512_ld_8_512_8
GemmTunableOp_Half_NN,nn_3584_1157_512_ld_3584_512_3584
GemmTunableOp_float_NN,nn_931_64_1_ld_931_1_931
GemmAndBiasTunableOp_Half_TN,tn_3584_931_3584_ld_3584_3584_3584
GemmTunableOp_BFloat16_TN,tn_8_931_3584_ld_3584_3584_8
GemmTunableOp_BFloat16_TN,tn_3584_931_8_ld_8_8_3584
GemmAndBiasTunableOp_Half_TN,tn_512_931_3584_ld_3584_3584_512
GemmTunableOp_BFloat16_TN,tn_512_931_8_ld_8_8_512
GemmStridedBatchedTunableOp_float_TN,tn_931_931_128_B_28_ld_128_3584_931
GemmStridedBatchedTunableOp_float_NN,nn_128_931_931_B_28_ld_128_931_128
GemmTunableOp_Half_TN,tn_3584_931_3584_ld_3584_3584_3584
GemmTunableOp_Half_TN,tn_18944_931_3584_ld_3584_3584_18944
GemmTunableOp_BFloat16_TN,tn_18944_931_8_ld_8_8_18944
GemmTunableOp_Half_TN,tn_3584_931_18944_ld_18944_18944_3584
GemmTunableOp_BFloat16_TN,tn_8_931_18944_ld_18944_18944_8
GemmTunableOp_BFloat16_NT,nt_8_3584_931_ld_8_3584_8
GemmTunableOp_BFloat16_NN,nn_8_931_3584_ld_8_3584_8
GemmTunableOp_BFloat16_NT,nt_18944_8_931_ld_18944_8_18944
GemmTunableOp_BFloat16_NN,nn_18944_931_8_ld_18944_8_18944
GemmTunableOp_Half_NN,nn_18944_931_3584_ld_18944_3584_18944
GemmTunableOp_BFloat16_NT,nt_8_18944_931_ld_8_18944_8
GemmTunableOp_BFloat16_NN,nn_8_931_18944_ld_8_18944_8
GemmTunableOp_BFloat16_NT,nt_3584_8_931_ld_3584_8_3584
GemmTunableOp_BFloat16_NN,nn_3584_931_8_ld_3584_8_3584
GemmTunableOp_Half_NN,nn_3584_931_18944_ld_3584_18944_3584
GemmTunableOp_Half_NN,nn_3584_931_3584_ld_3584_3584_3584
GemmStridedBatchedTunableOp_float_NT,nt_128_931_931_B_28_ld_3584_931_128
GemmStridedBatchedTunableOp_float_NT,nt_931_128_931_B_28_ld_931_3584_931
GemmTunableOp_BFloat16_NT,nt_8_512_931_ld_8_512_8
GemmTunableOp_BFloat16_NN,nn_8_931_512_ld_8_512_8
GemmTunableOp_Half_NN,nn_3584_931_512_ld_3584_512_3584
GemmTunableOp_float_NN,nn_918_64_1_ld_918_1_918
GemmAndBiasTunableOp_Half_TN,tn_3584_918_3584_ld_3584_3584_3584
GemmTunableOp_BFloat16_TN,tn_8_918_3584_ld_3584_3584_8
GemmTunableOp_BFloat16_TN,tn_3584_918_8_ld_8_8_3584
GemmAndBiasTunableOp_Half_TN,tn_512_918_3584_ld_3584_3584_512
GemmTunableOp_BFloat16_TN,tn_512_918_8_ld_8_8_512
GemmStridedBatchedTunableOp_float_TN,tn_918_918_128_B_28_ld_128_3584_918
GemmStridedBatchedTunableOp_float_NN,nn_128_918_918_B_28_ld_128_918_128
GemmTunableOp_Half_TN,tn_3584_918_3584_ld_3584_3584_3584
GemmTunableOp_Half_TN,tn_18944_918_3584_ld_3584_3584_18944
GemmTunableOp_BFloat16_TN,tn_18944_918_8_ld_8_8_18944
GemmTunableOp_Half_TN,tn_3584_918_18944_ld_18944_18944_3584
GemmTunableOp_BFloat16_TN,tn_8_918_18944_ld_18944_18944_8
GemmTunableOp_BFloat16_NT,nt_8_3584_918_ld_8_3584_8
GemmTunableOp_BFloat16_NN,nn_8_918_3584_ld_8_3584_8
GemmTunableOp_BFloat16_NT,nt_18944_8_918_ld_18944_8_18944
GemmTunableOp_BFloat16_NN,nn_18944_918_8_ld_18944_8_18944
GemmTunableOp_Half_NN,nn_18944_918_3584_ld_18944_3584_18944
GemmTunableOp_BFloat16_NT,nt_8_18944_918_ld_8_18944_8
GemmTunableOp_BFloat16_NN,nn_8_918_18944_ld_8_18944_8
GemmTunableOp_BFloat16_NT,nt_3584_8_918_ld_3584_8_3584
GemmTunableOp_BFloat16_NN,nn_3584_918_8_ld_3584_8_3584
GemmTunableOp_Half_NN,nn_3584_918_18944_ld_3584_18944_3584
GemmTunableOp_Half_NN,nn_3584_918_3584_ld_3584_3584_3584
GemmStridedBatchedTunableOp_float_NT,nt_128_918_918_B_28_ld_3584_918_128
GemmStridedBatchedTunableOp_float_NT,nt_918_128_918_B_28_ld_918_3584_918
GemmTunableOp_BFloat16_NT,nt_8_512_918_ld_8_512_8
GemmTunableOp_BFloat16_NN,nn_8_918_512_ld_8_512_8
GemmTunableOp_Half_NN,nn_3584_918_512_ld_3584_512_3584
GemmTunableOp_float_NN,nn_906_64_1_ld_906_1_906
GemmAndBiasTunableOp_Half_TN,tn_3584_906_3584_ld_3584_3584_3584
GemmTunableOp_BFloat16_TN,tn_8_906_3584_ld_3584_3584_8
GemmTunableOp_BFloat16_TN,tn_3584_906_8_ld_8_8_3584
GemmAndBiasTunableOp_Half_TN,tn_512_906_3584_ld_3584_3584_512
GemmTunableOp_BFloat16_TN,tn_512_906_8_ld_8_8_512
GemmStridedBatchedTunableOp_float_TN,tn_906_906_128_B_28_ld_128_3584_906
GemmStridedBatchedTunableOp_float_NN,nn_128_906_906_B_28_ld_128_906_128
GemmTunableOp_Half_TN,tn_3584_906_3584_ld_3584_3584_3584
GemmTunableOp_Half_TN,tn_18944_906_3584_ld_3584_3584_18944
GemmTunableOp_BFloat16_TN,tn_18944_906_8_ld_8_8_18944
GemmTunableOp_Half_TN,tn_3584_906_18944_ld_18944_18944_3584
GemmTunableOp_BFloat16_TN,tn_8_906_18944_ld_18944_18944_8
GemmTunableOp_BFloat16_NT,nt_8_3584_906_ld_8_3584_8
GemmTunableOp_BFloat16_NN,nn_8_906_3584_ld_8_3584_8
GemmTunableOp_BFloat16_NT,nt_18944_8_906_ld_18944_8_18944
GemmTunableOp_BFloat16_NN,nn_18944_906_8_ld_18944_8_18944
GemmTunableOp_Half_NN,nn_18944_906_3584_ld_18944_3584_18944
GemmTunableOp_BFloat16_NT,nt_8_18944_906_ld_8_18944_8
GemmTunableOp_BFloat16_NN,nn_8_906_18944_ld_8_18944_8
GemmTunableOp_BFloat16_NT,nt_3584_8_906_ld_3584_8_3584
GemmTunableOp_BFloat16_NN,nn_3584_906_8_ld_3584_8_3584
GemmTunableOp_Half_NN,nn_3584_906_18944_ld_3584_18944_3584
GemmTunableOp_Half_NN,nn_3584_906_3584_ld_3584_3584_3584
GemmStridedBatchedTunableOp_float_NT,nt_128_906_906_B_28_ld_3584_906_128
GemmStridedBatchedTunableOp_float_NT,nt_906_128_906_B_28_ld_906_3584_906
GemmTunableOp_BFloat16_NT,nt_8_512_906_ld_8_512_8
GemmTunableOp_BFloat16_NN,nn_8_906_512_ld_8_512_8
GemmTunableOp_Half_NN,nn_3584_906_512_ld_3584_512_3584
GemmTunableOp_float_NN,nn_1289_64_1_ld_1289_1_1289
GemmAndBiasTunableOp_Half_TN,tn_3584_1289_3584_ld_3584_3584_3584
GemmTunableOp_BFloat16_TN,tn_8_1289_3584_ld_3584_3584_8
GemmTunableOp_BFloat16_TN,tn_3584_1289_8_ld_8_8_3584
GemmAndBiasTunableOp_Half_TN,tn_512_1289_3584_ld_3584_3584_512
GemmTunableOp_BFloat16_TN,tn_512_1289_8_ld_8_8_512
GemmStridedBatchedTunableOp_float_TN,tn_1289_1289_128_B_28_ld_128_3584_1289
GemmStridedBatchedTunableOp_float_NN,nn_128_1289_1289_B_28_ld_128_1289_128
GemmTunableOp_Half_TN,tn_3584_1289_3584_ld_3584_3584_3584
GemmTunableOp_Half_TN,tn_18944_1289_3584_ld_3584_3584_18944
GemmTunableOp_BFloat16_TN,tn_18944_1289_8_ld_8_8_18944
GemmTunableOp_Half_TN,tn_3584_1289_18944_ld_18944_18944_3584
GemmTunableOp_BFloat16_TN,tn_8_1289_18944_ld_18944_18944_8
GemmTunableOp_BFloat16_NT,nt_8_3584_1289_ld_8_3584_8
GemmTunableOp_BFloat16_NN,nn_8_1289_3584_ld_8_3584_8
GemmTunableOp_BFloat16_NT,nt_18944_8_1289_ld_18944_8_18944
GemmTunableOp_BFloat16_NN,nn_18944_1289_8_ld_18944_8_18944
GemmTunableOp_Half_NN,nn_18944_1289_3584_ld_18944_3584_18944
GemmTunableOp_BFloat16_NT,nt_8_18944_1289_ld_8_18944_8
GemmTunableOp_BFloat16_NN,nn_8_1289_18944_ld_8_18944_8
GemmTunableOp_BFloat16_NT,nt_3584_8_1289_ld_3584_8_3584
GemmTunableOp_BFloat16_NN,nn_3584_1289_8_ld_3584_8_3584
GemmTunableOp_Half_NN,nn_3584_1289_18944_ld_3584_18944_3584
GemmTunableOp_Half_NN,nn_3584_1289_3584_ld_3584_3584_3584
GemmStridedBatchedTunableOp_float_NT,nt_128_1289_1289_B_28_ld_3584_1289_128
GemmStridedBatchedTunableOp_float_NT,nt_1289_128_1289_B_28_ld_1289_3584_1289
GemmTunableOp_BFloat16_NT,nt_8_512_1289_ld_8_512_8
GemmTunableOp_BFloat16_NN,nn_8_1289_512_ld_8_512_8
GemmTunableOp_Half_NN,nn_3584_1289_512_ld_3584_512_3584
GemmTunableOp_float_NN,nn_950_64_1_ld_950_1_950
GemmAndBiasTunableOp_Half_TN,tn_3584_950_3584_ld_3584_3584_3584
GemmTunableOp_BFloat16_TN,tn_8_950_3584_ld_3584_3584_8
GemmTunableOp_BFloat16_TN,tn_3584_950_8_ld_8_8_3584
GemmAndBiasTunableOp_Half_TN,tn_512_950_3584_ld_3584_3584_512
GemmTunableOp_BFloat16_TN,tn_512_950_8_ld_8_8_512
GemmStridedBatchedTunableOp_float_TN,tn_950_950_128_B_28_ld_128_3584_950
GemmStridedBatchedTunableOp_float_NN,nn_128_950_950_B_28_ld_128_950_128
GemmTunableOp_Half_TN,tn_3584_950_3584_ld_3584_3584_3584
GemmTunableOp_Half_TN,tn_18944_950_3584_ld_3584_3584_18944
GemmTunableOp_BFloat16_TN,tn_18944_950_8_ld_8_8_18944
GemmTunableOp_Half_TN,tn_3584_950_18944_ld_18944_18944_3584
GemmTunableOp_BFloat16_TN,tn_8_950_18944_ld_18944_18944_8
GemmTunableOp_BFloat16_NT,nt_8_3584_950_ld_8_3584_8
GemmTunableOp_BFloat16_NN,nn_8_950_3584_ld_8_3584_8
GemmTunableOp_BFloat16_NT,nt_18944_8_950_ld_18944_8_18944
GemmTunableOp_BFloat16_NN,nn_18944_950_8_ld_18944_8_18944
GemmTunableOp_Half_NN,nn_18944_950_3584_ld_18944_3584_18944
GemmTunableOp_BFloat16_NT,nt_8_18944_950_ld_8_18944_8
GemmTunableOp_BFloat16_NN,nn_8_950_18944_ld_8_18944_8
GemmTunableOp_BFloat16_NT,nt_3584_8_950_ld_3584_8_3584
GemmTunableOp_BFloat16_NN,nn_3584_950_8_ld_3584_8_3584
GemmTunableOp_Half_NN,nn_3584_950_18944_ld_3584_18944_3584
GemmTunableOp_Half_NN,nn_3584_950_3584_ld_3584_3584_3584
GemmStridedBatchedTunableOp_float_NT,nt_128_950_950_B_28_ld_3584_950_128
GemmStridedBatchedTunableOp_float_NT,nt_950_128_950_B_28_ld_950_3584_950
GemmTunableOp_BFloat16_NT,nt_8_512_950_ld_8_512_8
GemmTunableOp_BFloat16_NN,nn_8_950_512_ld_8_512_8
GemmTunableOp_Half_NN,nn_3584_950_512_ld_3584_512_3584
GemmTunableOp_float_NN,nn_958_64_1_ld_958_1_958
GemmAndBiasTunableOp_Half_TN,tn_3584_958_3584_ld_3584_3584_3584
GemmTunableOp_BFloat16_TN,tn_8_958_3584_ld_3584_3584_8
GemmTunableOp_BFloat16_TN,tn_3584_958_8_ld_8_8_3584
GemmAndBiasTunableOp_Half_TN,tn_512_958_3584_ld_3584_3584_512
GemmTunableOp_BFloat16_TN,tn_512_958_8_ld_8_8_512
GemmStridedBatchedTunableOp_float_TN,tn_958_958_128_B_28_ld_128_3584_958
GemmStridedBatchedTunableOp_float_NN,nn_128_958_958_B_28_ld_128_958_128
GemmTunableOp_Half_TN,tn_3584_958_3584_ld_3584_3584_3584
GemmTunableOp_Half_TN,tn_18944_958_3584_ld_3584_3584_18944
GemmTunableOp_BFloat16_TN,tn_18944_958_8_ld_8_8_18944
GemmTunableOp_Half_TN,tn_3584_958_18944_ld_18944_18944_3584
GemmTunableOp_BFloat16_TN,tn_8_958_18944_ld_18944_18944_8
GemmTunableOp_BFloat16_NT,nt_8_3584_958_ld_8_3584_8
GemmTunableOp_BFloat16_NN,nn_8_958_3584_ld_8_3584_8
GemmTunableOp_BFloat16_NT,nt_18944_8_958_ld_18944_8_18944
GemmTunableOp_BFloat16_NN,nn_18944_958_8_ld_18944_8_18944
GemmTunableOp_Half_NN,nn_18944_958_3584_ld_18944_3584_18944
GemmTunableOp_BFloat16_NT,nt_8_18944_958_ld_8_18944_8
GemmTunableOp_BFloat16_NN,nn_8_958_18944_ld_8_18944_8
GemmTunableOp_BFloat16_NT,nt_3584_8_958_ld_3584_8_3584
GemmTunableOp_BFloat16_NN,nn_3584_958_8_ld_3584_8_3584
GemmTunableOp_Half_NN,nn_3584_958_18944_ld_3584_18944_3584
GemmTunableOp_Half_NN,nn_3584_958_3584_ld_3584_3584_3584
GemmStridedBatchedTunableOp_float_NT,nt_128_958_958_B_28_ld_3584_958_128
GemmStridedBatchedTunableOp_float_NT,nt_958_128_958_B_28_ld_958_3584_958
GemmTunableOp_BFloat16_NT,nt_8_512_958_ld_8_512_8
GemmTunableOp_BFloat16_NN,nn_8_958_512_ld_8_512_8
GemmTunableOp_Half_NN,nn_3584_958_512_ld_3584_512_3584
GemmTunableOp_float_NN,nn_1005_64_1_ld_1005_1_1005
GemmAndBiasTunableOp_Half_TN,tn_3584_1005_3584_ld_3584_3584_3584
GemmTunableOp_BFloat16_TN,tn_8_1005_3584_ld_3584_3584_8
GemmTunableOp_BFloat16_TN,tn_3584_1005_8_ld_8_8_3584
GemmAndBiasTunableOp_Half_TN,tn_512_1005_3584_ld_3584_3584_512
GemmTunableOp_BFloat16_TN,tn_512_1005_8_ld_8_8_512
GemmStridedBatchedTunableOp_float_TN,tn_1005_1005_128_B_28_ld_128_3584_1005
GemmStridedBatchedTunableOp_float_NN,nn_128_1005_1005_B_28_ld_128_1005_128
GemmTunableOp_Half_TN,tn_3584_1005_3584_ld_3584_3584_3584
GemmTunableOp_Half_TN,tn_18944_1005_3584_ld_3584_3584_18944
GemmTunableOp_BFloat16_TN,tn_18944_1005_8_ld_8_8_18944
GemmTunableOp_Half_TN,tn_3584_1005_18944_ld_18944_18944_3584
GemmTunableOp_BFloat16_TN,tn_8_1005_18944_ld_18944_18944_8
GemmTunableOp_BFloat16_NT,nt_8_3584_1005_ld_8_3584_8
GemmTunableOp_BFloat16_NN,nn_8_1005_3584_ld_8_3584_8
GemmTunableOp_BFloat16_NT,nt_18944_8_1005_ld_18944_8_18944
GemmTunableOp_BFloat16_NN,nn_18944_1005_8_ld_18944_8_18944
GemmTunableOp_Half_NN,nn_18944_1005_3584_ld_18944_3584_18944
GemmTunableOp_BFloat16_NT,nt_8_18944_1005_ld_8_18944_8
GemmTunableOp_BFloat16_NN,nn_8_1005_18944_ld_8_18944_8
GemmTunableOp_BFloat16_NT,nt_3584_8_1005_ld_3584_8_3584
GemmTunableOp_BFloat16_NN,nn_3584_1005_8_ld_3584_8_3584
GemmTunableOp_Half_NN,nn_3584_1005_18944_ld_3584_18944_3584
GemmTunableOp_Half_NN,nn_3584_1005_3584_ld_3584_3584_3584
GemmStridedBatchedTunableOp_float_NT,nt_128_1005_1005_B_28_ld_3584_1005_128
GemmStridedBatchedTunableOp_float_NT,nt_1005_128_1005_B_28_ld_1005_3584_1005
GemmTunableOp_BFloat16_NT,nt_8_512_1005_ld_8_512_8
GemmTunableOp_BFloat16_NN,nn_8_1005_512_ld_8_512_8
GemmTunableOp_Half_NN,nn_3584_1005_512_ld_3584_512_3584
GemmTunableOp_float_NN,nn_917_64_1_ld_917_1_917
GemmAndBiasTunableOp_Half_TN,tn_3584_917_3584_ld_3584_3584_3584
GemmTunableOp_BFloat16_TN,tn_8_917_3584_ld_3584_3584_8
GemmTunableOp_BFloat16_TN,tn_3584_917_8_ld_8_8_3584
GemmAndBiasTunableOp_Half_TN,tn_512_917_3584_ld_3584_3584_512
GemmTunableOp_BFloat16_TN,tn_512_917_8_ld_8_8_512
GemmStridedBatchedTunableOp_float_TN,tn_917_917_128_B_28_ld_128_3584_917
GemmStridedBatchedTunableOp_float_NN,nn_128_917_917_B_28_ld_128_917_128
GemmTunableOp_Half_TN,tn_3584_917_3584_ld_3584_3584_3584
GemmTunableOp_Half_TN,tn_18944_917_3584_ld_3584_3584_18944
GemmTunableOp_BFloat16_TN,tn_18944_917_8_ld_8_8_18944
GemmTunableOp_Half_TN,tn_3584_917_18944_ld_18944_18944_3584
GemmTunableOp_BFloat16_TN,tn_8_917_18944_ld_18944_18944_8
GemmTunableOp_BFloat16_NT,nt_8_3584_917_ld_8_3584_8
GemmTunableOp_BFloat16_NN,nn_8_917_3584_ld_8_3584_8
GemmTunableOp_BFloat16_NT,nt_18944_8_917_ld_18944_8_18944
GemmTunableOp_BFloat16_NN,nn_18944_917_8_ld_18944_8_18944
GemmTunableOp_Half_NN,nn_18944_917_3584_ld_18944_3584_18944
GemmTunableOp_BFloat16_NT,nt_8_18944_917_ld_8_18944_8
GemmTunableOp_BFloat16_NN,nn_8_917_18944_ld_8_18944_8
GemmTunableOp_BFloat16_NT,nt_3584_8_917_ld_3584_8_3584
GemmTunableOp_BFloat16_NN,nn_3584_917_8_ld_3584_8_3584
GemmTunableOp_Half_NN,nn_3584_917_18944_ld_3584_18944_3584
GemmTunableOp_Half_NN,nn_3584_917_3584_ld_3584_3584_3584
GemmStridedBatchedTunableOp_float_NT,nt_128_917_917_B_28_ld_3584_917_128
GemmStridedBatchedTunableOp_float_NT,nt_917_128_917_B_28_ld_917_3584_917
GemmTunableOp_BFloat16_NT,nt_8_512_917_ld_8_512_8
GemmTunableOp_BFloat16_NN,nn_8_917_512_ld_8_512_8
GemmTunableOp_Half_NN,nn_3584_917_512_ld_3584_512_3584
GemmTunableOp_float_NN,nn_920_64_1_ld_920_1_920
GemmAndBiasTunableOp_Half_TN,tn_3584_920_3584_ld_3584_3584_3584
GemmTunableOp_BFloat16_TN,tn_8_920_3584_ld_3584_3584_8
GemmTunableOp_BFloat16_TN,tn_3584_920_8_ld_8_8_3584
GemmAndBiasTunableOp_Half_TN,tn_512_920_3584_ld_3584_3584_512
GemmTunableOp_BFloat16_TN,tn_512_920_8_ld_8_8_512
GemmStridedBatchedTunableOp_float_TN,tn_920_920_128_B_28_ld_128_3584_920
GemmStridedBatchedTunableOp_float_NN,nn_128_920_920_B_28_ld_128_920_128
GemmTunableOp_Half_TN,tn_3584_920_3584_ld_3584_3584_3584
GemmTunableOp_Half_TN,tn_18944_920_3584_ld_3584_3584_18944
GemmTunableOp_BFloat16_TN,tn_18944_920_8_ld_8_8_18944
GemmTunableOp_Half_TN,tn_3584_920_18944_ld_18944_18944_3584
GemmTunableOp_BFloat16_TN,tn_8_920_18944_ld_18944_18944_8
GemmTunableOp_BFloat16_NT,nt_8_3584_920_ld_8_3584_8
GemmTunableOp_BFloat16_NN,nn_8_920_3584_ld_8_3584_8
GemmTunableOp_BFloat16_NT,nt_18944_8_920_ld_18944_8_18944
GemmTunableOp_BFloat16_NN,nn_18944_920_8_ld_18944_8_18944
GemmTunableOp_Half_NN,nn_18944_920_3584_ld_18944_3584_18944
GemmTunableOp_BFloat16_NT,nt_8_18944_920_ld_8_18944_8
GemmTunableOp_BFloat16_NN,nn_8_920_18944_ld_8_18944_8
GemmTunableOp_BFloat16_NT,nt_3584_8_920_ld_3584_8_3584
GemmTunableOp_BFloat16_NN,nn_3584_920_8_ld_3584_8_3584
GemmTunableOp_Half_NN,nn_3584_920_18944_ld_3584_18944_3584
GemmTunableOp_Half_NN,nn_3584_920_3584_ld_3584_3584_3584
GemmStridedBatchedTunableOp_float_NT,nt_128_920_920_B_28_ld_3584_920_128
GemmStridedBatchedTunableOp_float_NT,nt_920_128_920_B_28_ld_920_3584_920
GemmTunableOp_BFloat16_NT,nt_8_512_920_ld_8_512_8
GemmTunableOp_BFloat16_NN,nn_8_920_512_ld_8_512_8
GemmTunableOp_Half_NN,nn_3584_920_512_ld_3584_512_3584
GemmTunableOp_float_NN,nn_960_64_1_ld_960_1_960
GemmAndBiasTunableOp_Half_TN,tn_3584_960_3584_ld_3584_3584_3584
GemmTunableOp_BFloat16_TN,tn_8_960_3584_ld_3584_3584_8
GemmTunableOp_BFloat16_TN,tn_3584_960_8_ld_8_8_3584
GemmAndBiasTunableOp_Half_TN,tn_512_960_3584_ld_3584_3584_512
GemmTunableOp_BFloat16_TN,tn_512_960_8_ld_8_8_512
GemmStridedBatchedTunableOp_float_TN,tn_960_960_128_B_28_ld_128_3584_960
GemmStridedBatchedTunableOp_float_NN,nn_128_960_960_B_28_ld_128_960_128
GemmTunableOp_Half_TN,tn_3584_960_3584_ld_3584_3584_3584
GemmTunableOp_Half_TN,tn_18944_960_3584_ld_3584_3584_18944
GemmTunableOp_BFloat16_TN,tn_18944_960_8_ld_8_8_18944
GemmTunableOp_Half_TN,tn_3584_960_18944_ld_18944_18944_3584
GemmTunableOp_BFloat16_TN,tn_8_960_18944_ld_18944_18944_8
GemmTunableOp_BFloat16_NT,nt_8_3584_960_ld_8_3584_8
GemmTunableOp_BFloat16_NN,nn_8_960_3584_ld_8_3584_8
GemmTunableOp_BFloat16_NT,nt_18944_8_960_ld_18944_8_18944
GemmTunableOp_BFloat16_NN,nn_18944_960_8_ld_18944_8_18944
GemmTunableOp_Half_NN,nn_18944_960_3584_ld_18944_3584_18944
GemmTunableOp_BFloat16_NT,nt_8_18944_960_ld_8_18944_8
GemmTunableOp_BFloat16_NN,nn_8_960_18944_ld_8_18944_8
GemmTunableOp_BFloat16_NT,nt_3584_8_960_ld_3584_8_3584
GemmTunableOp_BFloat16_NN,nn_3584_960_8_ld_3584_8_3584
GemmTunableOp_Half_NN,nn_3584_960_18944_ld_3584_18944_3584
GemmTunableOp_Half_NN,nn_3584_960_3584_ld_3584_3584_3584
GemmStridedBatchedTunableOp_float_NT,nt_128_960_960_B_28_ld_3584_960_128
GemmStridedBatchedTunableOp_float_NT,nt_960_128_960_B_28_ld_960_3584_960
GemmTunableOp_BFloat16_NT,nt_8_512_960_ld_8_512_8
GemmTunableOp_BFloat16_NN,nn_8_960_512_ld_8_512_8
GemmTunableOp_Half_NN,nn_3584_960_512_ld_3584_512_3584
GemmTunableOp_float_NN,nn_930_64_1_ld_930_1_930
GemmAndBiasTunableOp_Half_TN,tn_3584_930_3584_ld_3584_3584_3584
GemmTunableOp_BFloat16_TN,tn_8_930_3584_ld_3584_3584_8
GemmTunableOp_BFloat16_TN,tn_3584_930_8_ld_8_8_3584
GemmAndBiasTunableOp_Half_TN,tn_512_930_3584_ld_3584_3584_512
GemmTunableOp_BFloat16_TN,tn_512_930_8_ld_8_8_512
GemmStridedBatchedTunableOp_float_TN,tn_930_930_128_B_28_ld_128_3584_930
GemmStridedBatchedTunableOp_float_NN,nn_128_930_930_B_28_ld_128_930_128
GemmTunableOp_Half_TN,tn_3584_930_3584_ld_3584_3584_3584
GemmTunableOp_Half_TN,tn_18944_930_3584_ld_3584_3584_18944
GemmTunableOp_BFloat16_TN,tn_18944_930_8_ld_8_8_18944
GemmTunableOp_Half_TN,tn_3584_930_18944_ld_18944_18944_3584
GemmTunableOp_BFloat16_TN,tn_8_930_18944_ld_18944_18944_8
GemmTunableOp_BFloat16_NT,nt_8_3584_930_ld_8_3584_8
GemmTunableOp_BFloat16_NN,nn_8_930_3584_ld_8_3584_8
GemmTunableOp_BFloat16_NT,nt_18944_8_930_ld_18944_8_18944
GemmTunableOp_BFloat16_NN,nn_18944_930_8_ld_18944_8_18944
GemmTunableOp_Half_NN,nn_18944_930_3584_ld_18944_3584_18944
GemmTunableOp_BFloat16_NT,nt_8_18944_930_ld_8_18944_8
GemmTunableOp_BFloat16_NN,nn_8_930_18944_ld_8_18944_8
GemmTunableOp_BFloat16_NT,nt_3584_8_930_ld_3584_8_3584
GemmTunableOp_BFloat16_NN,nn_3584_930_8_ld_3584_8_3584
GemmTunableOp_Half_NN,nn_3584_930_18944_ld_3584_18944_3584
GemmTunableOp_Half_NN,nn_3584_930_3584_ld_3584_3584_3584
GemmStridedBatchedTunableOp_float_NT,nt_128_930_930_B_28_ld_3584_930_128
GemmStridedBatchedTunableOp_float_NT,nt_930_128_930_B_28_ld_930_3584_930
GemmTunableOp_BFloat16_NT,nt_8_512_930_ld_8_512_8
GemmTunableOp_BFloat16_NN,nn_8_930_512_ld_8_512_8
GemmTunableOp_Half_NN,nn_3584_930_512_ld_3584_512_3584
GemmTunableOp_float_NN,nn_942_64_1_ld_942_1_942
GemmAndBiasTunableOp_Half_TN,tn_3584_942_3584_ld_3584_3584_3584
GemmTunableOp_BFloat16_TN,tn_8_942_3584_ld_3584_3584_8
GemmTunableOp_BFloat16_TN,tn_3584_942_8_ld_8_8_3584
GemmAndBiasTunableOp_Half_TN,tn_512_942_3584_ld_3584_3584_512
GemmTunableOp_BFloat16_TN,tn_512_942_8_ld_8_8_512
GemmStridedBatchedTunableOp_float_TN,tn_942_942_128_B_28_ld_128_3584_942
GemmStridedBatchedTunableOp_float_NN,nn_128_942_942_B_28_ld_128_942_128
GemmTunableOp_Half_TN,tn_3584_942_3584_ld_3584_3584_3584
GemmTunableOp_Half_TN,tn_18944_942_3584_ld_3584_3584_18944
GemmTunableOp_BFloat16_TN,tn_18944_942_8_ld_8_8_18944
GemmTunableOp_Half_TN,tn_3584_942_18944_ld_18944_18944_3584
GemmTunableOp_BFloat16_TN,tn_8_942_18944_ld_18944_18944_8
GemmTunableOp_BFloat16_NT,nt_8_3584_942_ld_8_3584_8
GemmTunableOp_BFloat16_NN,nn_8_942_3584_ld_8_3584_8
GemmTunableOp_BFloat16_NT,nt_18944_8_942_ld_18944_8_18944
GemmTunableOp_BFloat16_NN,nn_18944_942_8_ld_18944_8_18944
GemmTunableOp_Half_NN,nn_18944_942_3584_ld_18944_3584_18944
GemmTunableOp_BFloat16_NT,nt_8_18944_942_ld_8_18944_8
GemmTunableOp_BFloat16_NN,nn_8_942_18944_ld_8_18944_8
GemmTunableOp_BFloat16_NT,nt_3584_8_942_ld_3584_8_3584
GemmTunableOp_BFloat16_NN,nn_3584_942_8_ld_3584_8_3584
GemmTunableOp_Half_NN,nn_3584_942_18944_ld_3584_18944_3584
GemmTunableOp_Half_NN,nn_3584_942_3584_ld_3584_3584_3584
GemmStridedBatchedTunableOp_float_NT,nt_128_942_942_B_28_ld_3584_942_128
GemmStridedBatchedTunableOp_float_NT,nt_942_128_942_B_28_ld_942_3584_942
GemmTunableOp_BFloat16_NT,nt_8_512_942_ld_8_512_8
GemmTunableOp_BFloat16_NN,nn_8_942_512_ld_8_512_8
GemmTunableOp_Half_NN,nn_3584_942_512_ld_3584_512_3584
GemmTunableOp_float_NN,nn_1303_64_1_ld_1303_1_1303
GemmAndBiasTunableOp_Half_TN,tn_3584_1303_3584_ld_3584_3584_3584
GemmTunableOp_BFloat16_TN,tn_8_1303_3584_ld_3584_3584_8
GemmTunableOp_BFloat16_TN,tn_3584_1303_8_ld_8_8_3584
GemmAndBiasTunableOp_Half_TN,tn_512_1303_3584_ld_3584_3584_512
GemmTunableOp_BFloat16_TN,tn_512_1303_8_ld_8_8_512
GemmStridedBatchedTunableOp_float_TN,tn_1303_1303_128_B_28_ld_128_3584_1303
GemmStridedBatchedTunableOp_float_NN,nn_128_1303_1303_B_28_ld_128_1303_128
GemmTunableOp_Half_TN,tn_3584_1303_3584_ld_3584_3584_3584
GemmTunableOp_Half_TN,tn_18944_1303_3584_ld_3584_3584_18944
GemmTunableOp_BFloat16_TN,tn_18944_1303_8_ld_8_8_18944
GemmTunableOp_Half_TN,tn_3584_1303_18944_ld_18944_18944_3584
GemmTunableOp_BFloat16_TN,tn_8_1303_18944_ld_18944_18944_8
GemmTunableOp_BFloat16_NT,nt_8_3584_1303_ld_8_3584_8
GemmTunableOp_BFloat16_NN,nn_8_1303_3584_ld_8_3584_8
GemmTunableOp_BFloat16_NT,nt_18944_8_1303_ld_18944_8_18944
GemmTunableOp_BFloat16_NN,nn_18944_1303_8_ld_18944_8_18944
GemmTunableOp_Half_NN,nn_18944_1303_3584_ld_18944_3584_18944
GemmTunableOp_BFloat16_NT,nt_8_18944_1303_ld_8_18944_8
GemmTunableOp_BFloat16_NN,nn_8_1303_18944_ld_8_18944_8
GemmTunableOp_BFloat16_NT,nt_3584_8_1303_ld_3584_8_3584
GemmTunableOp_BFloat16_NN,nn_3584_1303_8_ld_3584_8_3584
GemmTunableOp_Half_NN,nn_3584_1303_18944_ld_3584_18944_3584
GemmTunableOp_Half_NN,nn_3584_1303_3584_ld_3584_3584_3584
GemmStridedBatchedTunableOp_float_NT,nt_128_1303_1303_B_28_ld_3584_1303_128
GemmStridedBatchedTunableOp_float_NT,nt_1303_128_1303_B_28_ld_1303_3584_1303
GemmTunableOp_BFloat16_NT,nt_8_512_1303_ld_8_512_8
GemmTunableOp_BFloat16_NN,nn_8_1303_512_ld_8_512_8
GemmTunableOp_Half_NN,nn_3584_1303_512_ld_3584_512_3584
GemmTunableOp_float_NN,nn_1048_64_1_ld_1048_1_1048
GemmAndBiasTunableOp_Half_TN,tn_3584_1048_3584_ld_3584_3584_3584
GemmTunableOp_BFloat16_TN,tn_8_1048_3584_ld_3584_3584_8
GemmTunableOp_BFloat16_TN,tn_3584_1048_8_ld_8_8_3584
GemmAndBiasTunableOp_Half_TN,tn_512_1048_3584_ld_3584_3584_512
GemmTunableOp_BFloat16_TN,tn_512_1048_8_ld_8_8_512
GemmStridedBatchedTunableOp_float_TN,tn_1048_1048_128_B_28_ld_128_3584_1048
GemmStridedBatchedTunableOp_float_NN,nn_128_1048_1048_B_28_ld_128_1048_128
GemmTunableOp_Half_TN,tn_3584_1048_3584_ld_3584_3584_3584
GemmTunableOp_Half_TN,tn_18944_1048_3584_ld_3584_3584_18944
GemmTunableOp_BFloat16_TN,tn_18944_1048_8_ld_8_8_18944
GemmTunableOp_Half_TN,tn_3584_1048_18944_ld_18944_18944_3584
GemmTunableOp_BFloat16_TN,tn_8_1048_18944_ld_18944_18944_8
GemmTunableOp_BFloat16_NT,nt_8_3584_1048_ld_8_3584_8
GemmTunableOp_BFloat16_NN,nn_8_1048_3584_ld_8_3584_8
GemmTunableOp_BFloat16_NT,nt_18944_8_1048_ld_18944_8_18944
GemmTunableOp_BFloat16_NN,nn_18944_1048_8_ld_18944_8_18944
GemmTunableOp_Half_NN,nn_18944_1048_3584_ld_18944_3584_18944
GemmTunableOp_BFloat16_NT,nt_8_18944_1048_ld_8_18944_8
GemmTunableOp_BFloat16_NN,nn_8_1048_18944_ld_8_18944_8
GemmTunableOp_BFloat16_NT,nt_3584_8_1048_ld_3584_8_3584
GemmTunableOp_BFloat16_NN,nn_3584_1048_8_ld_3584_8_3584
GemmTunableOp_Half_NN,nn_3584_1048_18944_ld_3584_18944_3584
GemmTunableOp_Half_NN,nn_3584_1048_3584_ld_3584_3584_3584
GemmStridedBatchedTunableOp_float_NT,nt_128_1048_1048_B_28_ld_3584_1048_128
GemmStridedBatchedTunableOp_float_NT,nt_1048_128_1048_B_28_ld_1048_3584_1048
GemmTunableOp_BFloat16_NT,nt_8_512_1048_ld_8_512_8
GemmTunableOp_BFloat16_NN,nn_8_1048_512_ld_8_512_8
GemmTunableOp_Half_NN,nn_3584_1048_512_ld_3584_512_3584
GemmTunableOp_float_NN,nn_907_64_1_ld_907_1_907
GemmAndBiasTunableOp_Half_TN,tn_3584_907_3584_ld_3584_3584_3584
GemmTunableOp_BFloat16_TN,tn_8_907_3584_ld_3584_3584_8
GemmTunableOp_BFloat16_TN,tn_3584_907_8_ld_8_8_3584
GemmAndBiasTunableOp_Half_TN,tn_512_907_3584_ld_3584_3584_512
GemmTunableOp_BFloat16_TN,tn_512_907_8_ld_8_8_512
GemmStridedBatchedTunableOp_float_TN,tn_907_907_128_B_28_ld_128_3584_907
GemmStridedBatchedTunableOp_float_NN,nn_128_907_907_B_28_ld_128_907_128
GemmTunableOp_Half_TN,tn_3584_907_3584_ld_3584_3584_3584
GemmTunableOp_Half_TN,tn_18944_907_3584_ld_3584_3584_18944
GemmTunableOp_BFloat16_TN,tn_18944_907_8_ld_8_8_18944
GemmTunableOp_Half_TN,tn_3584_907_18944_ld_18944_18944_3584
GemmTunableOp_BFloat16_TN,tn_8_907_18944_ld_18944_18944_8
GemmTunableOp_BFloat16_NT,nt_8_3584_907_ld_8_3584_8
GemmTunableOp_BFloat16_NN,nn_8_907_3584_ld_8_3584_8
GemmTunableOp_BFloat16_NT,nt_18944_8_907_ld_18944_8_18944
GemmTunableOp_BFloat16_NN,nn_18944_907_8_ld_18944_8_18944
GemmTunableOp_Half_NN,nn_18944_907_3584_ld_18944_3584_18944
GemmTunableOp_BFloat16_NT,nt_8_18944_907_ld_8_18944_8
GemmTunableOp_BFloat16_NN,nn_8_907_18944_ld_8_18944_8
GemmTunableOp_BFloat16_NT,nt_3584_8_907_ld_3584_8_3584
GemmTunableOp_BFloat16_NN,nn_3584_907_8_ld_3584_8_3584
GemmTunableOp_Half_NN,nn_3584_907_18944_ld_3584_18944_3584
GemmTunableOp_Half_NN,nn_3584_907_3584_ld_3584_3584_3584
GemmStridedBatchedTunableOp_float_NT,nt_128_907_907_B_28_ld_3584_907_128
GemmStridedBatchedTunableOp_float_NT,nt_907_128_907_B_28_ld_907_3584_907
GemmTunableOp_BFloat16_NT,nt_8_512_907_ld_8_512_8
GemmTunableOp_BFloat16_NN,nn_8_907_512_ld_8_512_8
GemmTunableOp_Half_NN,nn_3584_907_512_ld_3584_512_3584
GemmTunableOp_float_NN,nn_842_64_1_ld_842_1_842
GemmAndBiasTunableOp_Half_TN,tn_3584_842_3584_ld_3584_3584_3584
GemmTunableOp_BFloat16_TN,tn_8_842_3584_ld_3584_3584_8
GemmTunableOp_BFloat16_TN,tn_3584_842_8_ld_8_8_3584
GemmAndBiasTunableOp_Half_TN,tn_512_842_3584_ld_3584_3584_512
GemmTunableOp_BFloat16_TN,tn_512_842_8_ld_8_8_512
GemmStridedBatchedTunableOp_float_TN,tn_842_842_128_B_28_ld_128_3584_842
GemmStridedBatchedTunableOp_float_NN,nn_128_842_842_B_28_ld_128_842_128
GemmTunableOp_Half_TN,tn_3584_842_3584_ld_3584_3584_3584
GemmTunableOp_Half_TN,tn_18944_842_3584_ld_3584_3584_18944
GemmTunableOp_BFloat16_TN,tn_18944_842_8_ld_8_8_18944
GemmTunableOp_Half_TN,tn_3584_842_18944_ld_18944_18944_3584
GemmTunableOp_BFloat16_TN,tn_8_842_18944_ld_18944_18944_8
GemmTunableOp_BFloat16_NT,nt_8_3584_842_ld_8_3584_8
GemmTunableOp_BFloat16_NN,nn_8_842_3584_ld_8_3584_8
GemmTunableOp_BFloat16_NT,nt_18944_8_842_ld_18944_8_18944
GemmTunableOp_BFloat16_NN,nn_18944_842_8_ld_18944_8_18944
GemmTunableOp_Half_NN,nn_18944_842_3584_ld_18944_3584_18944
GemmTunableOp_BFloat16_NT,nt_8_18944_842_ld_8_18944_8
GemmTunableOp_BFloat16_NN,nn_8_842_18944_ld_8_18944_8
GemmTunableOp_BFloat16_NT,nt_3584_8_842_ld_3584_8_3584
GemmTunableOp_BFloat16_NN,nn_3584_842_8_ld_3584_8_3584
GemmTunableOp_Half_NN,nn_3584_842_18944_ld_3584_18944_3584
GemmTunableOp_Half_NN,nn_3584_842_3584_ld_3584_3584_3584
GemmStridedBatchedTunableOp_float_NT,nt_128_842_842_B_28_ld_3584_842_128
GemmStridedBatchedTunableOp_float_NT,nt_842_128_842_B_28_ld_842_3584_842
GemmTunableOp_BFloat16_NT,nt_8_512_842_ld_8_512_8
GemmTunableOp_BFloat16_NN,nn_8_842_512_ld_8_512_8
GemmTunableOp_Half_NN,nn_3584_842_512_ld_3584_512_3584
GemmTunableOp_float_NN,nn_1137_64_1_ld_1137_1_1137
GemmAndBiasTunableOp_Half_TN,tn_3584_1137_3584_ld_3584_3584_3584
GemmTunableOp_BFloat16_TN,tn_8_1137_3584_ld_3584_3584_8
GemmTunableOp_BFloat16_TN,tn_3584_1137_8_ld_8_8_3584
GemmAndBiasTunableOp_Half_TN,tn_512_1137_3584_ld_3584_3584_512
GemmTunableOp_BFloat16_TN,tn_512_1137_8_ld_8_8_512
GemmStridedBatchedTunableOp_float_TN,tn_1137_1137_128_B_28_ld_128_3584_1137
GemmStridedBatchedTunableOp_float_NN,nn_128_1137_1137_B_28_ld_128_1137_128
GemmTunableOp_Half_TN,tn_3584_1137_3584_ld_3584_3584_3584
GemmTunableOp_Half_TN,tn_18944_1137_3584_ld_3584_3584_18944
GemmTunableOp_BFloat16_TN,tn_18944_1137_8_ld_8_8_18944
GemmTunableOp_Half_TN,tn_3584_1137_18944_ld_18944_18944_3584
GemmTunableOp_BFloat16_TN,tn_8_1137_18944_ld_18944_18944_8
GemmTunableOp_BFloat16_NT,nt_8_3584_1137_ld_8_3584_8
GemmTunableOp_BFloat16_NN,nn_8_1137_3584_ld_8_3584_8
GemmTunableOp_BFloat16_NT,nt_18944_8_1137_ld_18944_8_18944
GemmTunableOp_BFloat16_NN,nn_18944_1137_8_ld_18944_8_18944
GemmTunableOp_Half_NN,nn_18944_1137_3584_ld_18944_3584_18944
GemmTunableOp_BFloat16_NT,nt_8_18944_1137_ld_8_18944_8
GemmTunableOp_BFloat16_NN,nn_8_1137_18944_ld_8_18944_8
GemmTunableOp_BFloat16_NT,nt_3584_8_1137_ld_3584_8_3584
GemmTunableOp_BFloat16_NN,nn_3584_1137_8_ld_3584_8_3584
GemmTunableOp_Half_NN,nn_3584_1137_18944_ld_3584_18944_3584
GemmTunableOp_Half_NN,nn_3584_1137_3584_ld_3584_3584_3584
GemmStridedBatchedTunableOp_float_NT,nt_128_1137_1137_B_28_ld_3584_1137_128
GemmStridedBatchedTunableOp_float_NT,nt_1137_128_1137_B_28_ld_1137_3584_1137
GemmTunableOp_BFloat16_NT,nt_8_512_1137_ld_8_512_8
GemmTunableOp_BFloat16_NN,nn_8_1137_512_ld_8_512_8
GemmTunableOp_Half_NN,nn_3584_1137_512_ld_3584_512_3584
GemmTunableOp_float_NN,nn_895_64_1_ld_895_1_895
GemmAndBiasTunableOp_Half_TN,tn_3584_895_3584_ld_3584_3584_3584
GemmTunableOp_BFloat16_TN,tn_8_895_3584_ld_3584_3584_8
GemmTunableOp_BFloat16_TN,tn_3584_895_8_ld_8_8_3584
GemmAndBiasTunableOp_Half_TN,tn_512_895_3584_ld_3584_3584_512
GemmTunableOp_BFloat16_TN,tn_512_895_8_ld_8_8_512
GemmStridedBatchedTunableOp_float_TN,tn_895_895_128_B_28_ld_128_3584_895
GemmStridedBatchedTunableOp_float_NN,nn_128_895_895_B_28_ld_128_895_128
GemmTunableOp_Half_TN,tn_3584_895_3584_ld_3584_3584_3584
GemmTunableOp_Half_TN,tn_18944_895_3584_ld_3584_3584_18944
GemmTunableOp_BFloat16_TN,tn_18944_895_8_ld_8_8_18944
GemmTunableOp_Half_TN,tn_3584_895_18944_ld_18944_18944_3584
GemmTunableOp_BFloat16_TN,tn_8_895_18944_ld_18944_18944_8
GemmTunableOp_BFloat16_NT,nt_8_3584_895_ld_8_3584_8
GemmTunableOp_BFloat16_NN,nn_8_895_3584_ld_8_3584_8
GemmTunableOp_BFloat16_NT,nt_18944_8_895_ld_18944_8_18944
GemmTunableOp_BFloat16_NN,nn_18944_895_8_ld_18944_8_18944
GemmTunableOp_Half_NN,nn_18944_895_3584_ld_18944_3584_18944
GemmTunableOp_BFloat16_NT,nt_8_18944_895_ld_8_18944_8
GemmTunableOp_BFloat16_NN,nn_8_895_18944_ld_8_18944_8
GemmTunableOp_BFloat16_NT,nt_3584_8_895_ld_3584_8_3584
GemmTunableOp_BFloat16_NN,nn_3584_895_8_ld_3584_8_3584
GemmTunableOp_Half_NN,nn_3584_895_18944_ld_3584_18944_3584
GemmTunableOp_Half_NN,nn_3584_895_3584_ld_3584_3584_3584
GemmStridedBatchedTunableOp_float_NT,nt_128_895_895_B_28_ld_3584_895_128
GemmStridedBatchedTunableOp_float_NT,nt_895_128_895_B_28_ld_895_3584_895
GemmTunableOp_BFloat16_NT,nt_8_512_895_ld_8_512_8
GemmTunableOp_BFloat16_NN,nn_8_895_512_ld_8_512_8
GemmTunableOp_Half_NN,nn_3584_895_512_ld_3584_512_3584
GemmTunableOp_float_NN,nn_869_64_1_ld_869_1_869
GemmAndBiasTunableOp_Half_TN,tn_3584_869_3584_ld_3584_3584_3584
GemmTunableOp_BFloat16_TN,tn_8_869_3584_ld_3584_3584_8
GemmTunableOp_BFloat16_TN,tn_3584_869_8_ld_8_8_3584
GemmAndBiasTunableOp_Half_TN,tn_512_869_3584_ld_3584_3584_512
GemmTunableOp_BFloat16_TN,tn_512_869_8_ld_8_8_512
GemmStridedBatchedTunableOp_float_TN,tn_869_869_128_B_28_ld_128_3584_869
GemmStridedBatchedTunableOp_float_NN,nn_128_869_869_B_28_ld_128_869_128
GemmTunableOp_Half_TN,tn_3584_869_3584_ld_3584_3584_3584
GemmTunableOp_Half_TN,tn_18944_869_3584_ld_3584_3584_18944
GemmTunableOp_BFloat16_TN,tn_18944_869_8_ld_8_8_18944
GemmTunableOp_Half_TN,tn_3584_869_18944_ld_18944_18944_3584
GemmTunableOp_BFloat16_TN,tn_8_869_18944_ld_18944_18944_8
GemmTunableOp_BFloat16_NT,nt_8_3584_869_ld_8_3584_8
GemmTunableOp_BFloat16_NN,nn_8_869_3584_ld_8_3584_8
GemmTunableOp_BFloat16_NT,nt_18944_8_869_ld_18944_8_18944
GemmTunableOp_BFloat16_NN,nn_18944_869_8_ld_18944_8_18944
GemmTunableOp_Half_NN,nn_18944_869_3584_ld_18944_3584_18944
GemmTunableOp_BFloat16_NT,nt_8_18944_869_ld_8_18944_8
GemmTunableOp_BFloat16_NN,nn_8_869_18944_ld_8_18944_8
GemmTunableOp_BFloat16_NT,nt_3584_8_869_ld_3584_8_3584
GemmTunableOp_BFloat16_NN,nn_3584_869_8_ld_3584_8_3584
GemmTunableOp_Half_NN,nn_3584_869_18944_ld_3584_18944_3584
GemmTunableOp_Half_NN,nn_3584_869_3584_ld_3584_3584_3584
GemmStridedBatchedTunableOp_float_NT,nt_128_869_869_B_28_ld_3584_869_128
GemmStridedBatchedTunableOp_float_NT,nt_869_128_869_B_28_ld_869_3584_869
GemmTunableOp_BFloat16_NT,nt_8_512_869_ld_8_512_8
GemmTunableOp_BFloat16_NN,nn_8_869_512_ld_8_512_8
GemmTunableOp_Half_NN,nn_3584_869_512_ld_3584_512_3584
GemmTunableOp_float_NN,nn_824_64_1_ld_824_1_824
GemmAndBiasTunableOp_Half_TN,tn_3584_824_3584_ld_3584_3584_3584
GemmTunableOp_BFloat16_TN,tn_8_824_3584_ld_3584_3584_8
GemmTunableOp_BFloat16_TN,tn_3584_824_8_ld_8_8_3584
GemmAndBiasTunableOp_Half_TN,tn_512_824_3584_ld_3584_3584_512
GemmTunableOp_BFloat16_TN,tn_512_824_8_ld_8_8_512
GemmStridedBatchedTunableOp_float_TN,tn_824_824_128_B_28_ld_128_3584_824
GemmStridedBatchedTunableOp_float_NN,nn_128_824_824_B_28_ld_128_824_128
GemmTunableOp_Half_TN,tn_3584_824_3584_ld_3584_3584_3584
GemmTunableOp_Half_TN,tn_18944_824_3584_ld_3584_3584_18944
GemmTunableOp_BFloat16_TN,tn_18944_824_8_ld_8_8_18944
GemmTunableOp_Half_TN,tn_3584_824_18944_ld_18944_18944_3584
GemmTunableOp_BFloat16_TN,tn_8_824_18944_ld_18944_18944_8
GemmTunableOp_BFloat16_NT,nt_8_3584_824_ld_8_3584_8
GemmTunableOp_BFloat16_NN,nn_8_824_3584_ld_8_3584_8
GemmTunableOp_BFloat16_NT,nt_18944_8_824_ld_18944_8_18944
GemmTunableOp_BFloat16_NN,nn_18944_824_8_ld_18944_8_18944
GemmTunableOp_Half_NN,nn_18944_824_3584_ld_18944_3584_18944
GemmTunableOp_BFloat16_NT,nt_8_18944_824_ld_8_18944_8
GemmTunableOp_BFloat16_NN,nn_8_824_18944_ld_8_18944_8
GemmTunableOp_BFloat16_NT,nt_3584_8_824_ld_3584_8_3584
GemmTunableOp_BFloat16_NN,nn_3584_824_8_ld_3584_8_3584
GemmTunableOp_Half_NN,nn_3584_824_18944_ld_3584_18944_3584
GemmTunableOp_Half_NN,nn_3584_824_3584_ld_3584_3584_3584
GemmStridedBatchedTunableOp_float_NT,nt_128_824_824_B_28_ld_3584_824_128
GemmStridedBatchedTunableOp_float_NT,nt_824_128_824_B_28_ld_824_3584_824
GemmTunableOp_BFloat16_NT,nt_8_512_824_ld_8_512_8
GemmTunableOp_BFloat16_NN,nn_8_824_512_ld_8_512_8
GemmTunableOp_Half_NN,nn_3584_824_512_ld_3584_512_3584
GemmTunableOp_float_NN,nn_934_64_1_ld_934_1_934
GemmAndBiasTunableOp_Half_TN,tn_3584_934_3584_ld_3584_3584_3584
GemmTunableOp_BFloat16_TN,tn_8_934_3584_ld_3584_3584_8
GemmTunableOp_BFloat16_TN,tn_3584_934_8_ld_8_8_3584
GemmAndBiasTunableOp_Half_TN,tn_512_934_3584_ld_3584_3584_512
GemmTunableOp_BFloat16_TN,tn_512_934_8_ld_8_8_512
GemmStridedBatchedTunableOp_float_TN,tn_934_934_128_B_28_ld_128_3584_934
GemmStridedBatchedTunableOp_float_NN,nn_128_934_934_B_28_ld_128_934_128
GemmTunableOp_Half_TN,tn_3584_934_3584_ld_3584_3584_3584
GemmTunableOp_Half_TN,tn_18944_934_3584_ld_3584_3584_18944
GemmTunableOp_BFloat16_TN,tn_18944_934_8_ld_8_8_18944
GemmTunableOp_Half_TN,tn_3584_934_18944_ld_18944_18944_3584
GemmTunableOp_BFloat16_TN,tn_8_934_18944_ld_18944_18944_8
GemmTunableOp_BFloat16_NT,nt_8_3584_934_ld_8_3584_8
GemmTunableOp_BFloat16_NN,nn_8_934_3584_ld_8_3584_8
GemmTunableOp_BFloat16_NT,nt_18944_8_934_ld_18944_8_18944
GemmTunableOp_BFloat16_NN,nn_18944_934_8_ld_18944_8_18944
GemmTunableOp_Half_NN,nn_18944_934_3584_ld_18944_3584_18944
GemmTunableOp_BFloat16_NT,nt_8_18944_934_ld_8_18944_8
GemmTunableOp_BFloat16_NN,nn_8_934_18944_ld_8_18944_8
GemmTunableOp_BFloat16_NT,nt_3584_8_934_ld_3584_8_3584
GemmTunableOp_BFloat16_NN,nn_3584_934_8_ld_3584_8_3584
GemmTunableOp_Half_NN,nn_3584_934_18944_ld_3584_18944_3584
GemmTunableOp_Half_NN,nn_3584_934_3584_ld_3584_3584_3584
GemmStridedBatchedTunableOp_float_NT,nt_128_934_934_B_28_ld_3584_934_128
GemmStridedBatchedTunableOp_float_NT,nt_934_128_934_B_28_ld_934_3584_934
GemmTunableOp_BFloat16_NT,nt_8_512_934_ld_8_512_8
GemmTunableOp_BFloat16_NN,nn_8_934_512_ld_8_512_8
GemmTunableOp_Half_NN,nn_3584_934_512_ld_3584_512_3584
